timestamp,angle_roll,angle_pitch,angle_yaw,gyro_x,gyro_y,gyro_z,acc_x,acc_y,acc_z,rudder1,rudder2,rudder3,rudder4,surface_FR,surface_FL,surface_BL,surface_BR
2026-01-25 22:50:51.266,2.804,-5.539,29.062,-0.409,0.015,0.067,-0.459,-0.938,-9.733,-3.181,-13.181,2.386,-3.017,8.181,-8.181,2.386,-2.983
2026-01-25 22:50:51.287,2.157,-5.525,28.939,-0.575,0.026,0.109,0.244,-0.866,-9.671,-6.505,-16.505,3.835,-1.142,11.505,-11.505,3.835,-4.858
2026-01-25 22:50:51.308,1.259,-5.425,28.809,-0.812,0.047,0.13,0.244,-0.866,-9.642,-11.235,-21.235,4.261,0.136,16.235,-16.235,4.261,-6.136
2026-01-25 22:50:51.329,-0.217,-5.342,28.526,-1.318,0.107,0.259,0.11,-0.818,-9.719,-21.355,-31.355,8.224,6.485,26.355,-26.355,8.224,-12.485
2026-01-25 22:50:51.350,-2.261,-5.221,27.98,-1.859,0.114,0.474,0.512,-0.79,-9.719,-25,-35,16.682,15.241,30,-30,16.682,-21.241
2026-01-25 22:50:51.371,-4.268,-5.133,27.318,-1.872,0.003,0.566,0.512,-0.79,-9.776,-25,-35,22.562,16.69,30,-30,22.562,-22.69
2026-01-25 22:50:51.391,-5.988,-5.344,26.713,-1.577,-0.034,0.51,1.048,-0.828,-9.709,-25,-35,21.092,13.729,30,-30,21.092,-19.729
2026-01-25 22:50:51.412,-7.412,-5.293,26.151,-1.358,0.027,0.447,1.048,-0.828,-9.647,-22.164,-32.164,17.364,12.429,27.164,-27.164,17.364,-18.429
2026-01-25 22:50:51.433,-8.92,-5.392,25.634,-1.401,0.038,0.391,1.493,-1.019,-9.934,-23.016,-33.016,14.871,10.405,28.016,-28.016,14.871,-16.405
2026-01-25 22:50:51.453,-10.475,-5.451,25.16,-1.248,-0.044,0.284,1.579,-0.971,-9.934,-19.97,-29.97,12.251,4.504,24.97,-24.97,12.251,-10.504
2026-01-25 22:50:51.474,-11.366,-5.663,24.968,-0.96,-0.095,0.133,1.579,-0.971,-9.996,-14.196,-24.196,7.222,-2.57,19.196,-19.196,7.222,-3.43
2026-01-25 22:50:51.494,-11.706,-5.754,24.898,-0.462,-0.109,-0.005,1.392,-0.761,-10.111,-4.246,-14.246,1.96,-8.386,9.246,-9.246,1.96,2.386
2026-01-25 22:50:51.505,-11.126,-5.776,24.97,0.463,-0.056,-0.168,1.019,-0.837,-10.14,14.268,4.268,-5.603,-13.862,-9.268,9.268,-5.603,7.862
2026-01-25 22:50:51.536,-9.208,-5.752,25.295,1.69,0.063,-0.388,1.019,-0.837,-10.092,35,25,-16.767,-20.253,-30,30,-16.767,14.253
2026-01-25 22:50:51.546,-6.269,-5.338,25.826,2.858,0.201,-0.618,0.933,-0.785,-10.111,35,25,-28.741,-26.687,-30,30,-28.741,20.687
2026-01-25 22:50:51.567,-2.535,-5.281,26.634,3.582,0.278,-0.762,0.622,-0.708,-9.915,35,25,-30,-30.906,-30,30,-30,24.906
2026-01-25 22:50:51.588,1.672,-4.694,27.606,3.78,0.226,-0.816,0.005,-0.593,-9.671,35,25,-30,-34.123,-30,30,-30,28.123
2026-01-25 22:50:51.609,5.469,-4.85,28.55,3.429,0.088,-0.742,-0.354,-0.679,-9.757,35,25,-30,-33.931,-30,30,-30,27.931
2026-01-25 22:50:51.641,8.629,-4.631,29.514,2.675,0.077,-0.668,-0.56,-0.737,-9.671,35,25,-28.251,-31.183,-30,30,-28.251,25.183
2026-01-25 22:50:51.652,10.541,-4.78,30.294,1.592,0.066,-0.524,-1.019,-0.799,-9.561,35,25,-22.285,-25.643,-30,30,-22.285,19.643
2026-01-25 22:50:51.672,11.204,-4.745,30.891,0.392,0.001,-0.29,-1.101,-0.952,-9.465,12.84,2.84,-11.611,-17.569,-7.84,7.84,-11.611,11.569
2026-01-25 22:50:51.693,10.43,-4.819,31.235,-0.66,-0.097,-0.062,-0.89,-1,-9.278,-8.209,-18.209,-0.533,-10.41,13.209,-13.209,-0.533,4.41
2026-01-25 22:50:51.714,9.056,-4.825,31.205,-1.556,-0.094,0.166,-0.727,-0.986,-9.14,-25,-35,8.522,-1.228,30,-30,8.522,-4.772
2026-01-25 22:50:51.725,6.557,-5.003,30.928,-2.308,-0.064,0.383,-0.426,-1.005,-8.939,-25,-35,16.618,8.061,30,-30,16.618,-14.061
2026-01-25 22:50:51.745,3.669,-4.769,30.534,-2.665,0.049,0.477,-0.23,-0.804,-8.929,-25,-35,18.109,14.07,30,-30,18.109,-20.07
2026-01-25 22:50:51.765,0.436,-4.73,29.984,-2.878,0.213,0.543,-0.191,-0.746,-9.116,-25,-35,17.47,19.992,30,-30,17.47,-25.992
2026-01-25 22:50:51.786,-2.499,-4.393,29.385,-2.601,0.194,0.542,0.311,-0.718,-9.561,-25,-35,17.811,19.566,30,-30,17.811,-25.566
2026-01-25 22:50:51.806,-4.593,-4.496,28.901,-1.638,0.006,0.355,0.766,-0.646,-10.212,-25,-35,14.061,8.317,30,-30,14.061,-14.317
2026-01-25 22:50:51.827,-5.515,-4.471,28.596,-0.633,0.015,0.194,0.88,-0.613,-10.192,-7.655,-17.655,7.457,2.053,12.655,-12.655,7.457,-8.053
2026-01-25 22:50:51.858,-5.68,-4.427,28.381,-0.049,0.11,0.115,1.11,-0.579,-10.346,4.02,-5.98,2.407,0.796,0.98,-0.98,2.407,-6.796
2026-01-25 22:50:51.868,-5.382,-4.322,28.151,0.218,0.078,0.124,1,-0.502,-10.623,9.368,-0.632,3.388,0.498,-4.368,4.368,3.388,-6.498
2026-01-25 22:50:51.889,-4.85,-4.352,27.967,0.58,-0.027,0.193,0.766,-0.536,-10.853,16.59,6.59,8.245,1.18,-11.59,11.59,8.245,-7.18
2026-01-25 22:50:51.910,-3.297,-4.571,27.768,1.189,-0.144,0.141,0.172,-0.565,-10.867,28.777,18.777,8.501,-3.252,-23.777,23.777,8.501,-2.748
2026-01-25 22:50:51.931,-0.946,-4.84,27.803,2.054,-0.288,-0.05,-0.067,-0.598,-10.599,35,25,3.75,-13.755,-30,30,3.75,7.755
2026-01-25 22:50:51.962,1.481,-5.049,28.117,2.876,-0.255,-0.339,-0.268,-0.651,-10.192,35,25,-8.458,-24.642,-30,30,-8.458,18.642
2026-01-25 22:50:51.993,5.529,-5.431,28.66,2.963,-0.115,-0.508,-0.613,-0.713,-9.728,35,25,-18.024,-28.626,-30,30,-18.024,22.626
2026-01-25 22:50:52.014,8.017,-5.588,29.47,2.283,-0.128,-0.455,-0.924,-0.904,-9.585,35,25,-15.638,-26.751,-30,30,-15.638,20.751
2026-01-25 22:50:52.025,9.172,-5.728,29.769,1.419,-0.232,-0.273,-1.172,-1.062,-9.422,33.379,23.379,-6.264,-21.553,-28.379,28.379,-6.264,15.553
2026-01-25 22:50:52.056,10.087,-6.074,29.926,0.529,-0.314,-0.018,-1.134,-1.12,-8.996,15.589,5.589,5.561,-13.009,-10.589,10.589,5.561,7.009
2026-01-25 22:50:52.066,9.647,-6.313,29.839,-0.35,-0.288,0.179,-0.957,-1.144,-8.647,-2.009,-12.009,12.911,-4.594,7.009,-7.009,12.911,-1.406
2026-01-25 22:50:52.087,8.584,-6.353,29.637,-1.224,-0.123,0.33,-1.005,-1.153,-8.326,-19.48,-29.48,15.659,4.759,24.48,-24.48,15.659,-10.759
2026-01-25 22:50:52.109,5.654,-6.201,29.295,-2.27,0.085,0.46,-0.914,-1.22,-8.187,-25,-35,16.703,14.112,30,-30,16.703,-20.112
2026-01-25 22:50:52.129,2.188,-5.938,28.718,-3.054,0.308,0.439,-0.67,-1.01,-8.408,-25,-35,11.398,17.713,30,-30,11.398,-23.713
2026-01-25 22:50:52.150,-0.492,-5.603,28.417,-3.196,0.391,0.357,-0.364,-0.919,-8.872,-25,-35,6.456,16.094,30,-30,6.456,-22.094
2026-01-25 22:50:52.171,-4.42,-5.059,27.949,-2.748,0.406,0.238,0.187,-0.957,-9.546,-25,-35,1.385,11.619,30,-30,1.385,-17.619
2026-01-25 22:50:52.192,-5.885,-4.829,27.813,-1.789,0.292,0.049,0.565,-0.766,-10.212,-25,-35,-3.878,1.798,30,-30,-3.878,-7.798
2026-01-25 22:50:52.213,-7.033,-4.519,27.72,-0.649,0.228,-0.07,0.837,-0.646,-10.566,-7.975,-17.975,-7.372,-4.253,12.975,-12.975,-7.372,-1.747
2026-01-25 22:50:52.233,-6.579,-4.334,27.71,0.35,0.216,-0.13,0.933,-0.512,-10.972,12.009,2.009,-9.523,-6.874,-7.009,7.009,-9.523,0.874
2026-01-25 22:50:52.254,-5.321,-4.047,27.793,1.044,0.165,-0.172,1.081,-0.45,-11.255,25.879,15.879,-10.163,-9.558,-20.879,20.879,-10.163,3.558
2026-01-25 22:50:52.264,-3.9,-4.007,27.929,1.643,0.032,-0.208,0.928,-0.479,-11.437,35,25,-8.948,-13.67,-30,30,-8.948,7.67
2026-01-25 22:50:52.285,-0.768,-4.179,28.282,2.35,-0.175,-0.268,0.378,-0.431,-11.231,35,25,-7.244,-20.232,-30,30,-7.244,14.232
2026-01-25 22:50:52.306,1.662,-4.445,28.61,2.883,-0.319,-0.358,-0.005,-0.565,-10.752,35,25,-7.947,-26.687,-30,30,-7.947,20.687
2026-01-25 22:50:52.327,5.447,-4.915,29.193,2.691,-0.314,-0.366,-0.34,-0.66,-10.226,35,25,-8.373,-26.943,-30,30,-8.373,20.943
2026-01-25 22:50:52.348,7.078,-5.187,29.538,2.004,-0.292,-0.338,-0.679,-0.708,-9.546,35,25,-7.67,-25.345,-30,30,-7.67,19.345
2026-01-25 22:50:52.368,8.774,-5.645,29.965,1.104,-0.305,-0.198,-1.005,-0.952,-9.221,27.072,17.072,-1.832,-20.019,-22.072,22.072,-1.832,14.019
2026-01-25 22:50:52.389,8.903,-5.905,30.039,0.225,-0.312,-0.01,-1.019,-1.125,-8.738,9.495,-0.505,5.859,-12.626,-4.495,4.495,5.859,6.626
2026-01-25 22:50:52.410,8.207,-6.212,30.018,-0.595,-0.218,0.121,-0.852,-1.211,-8.336,-6.91,-16.91,9.225,-5.51,11.91,-11.91,9.225,-0.49
2026-01-25 22:50:52.431,6.877,-6.092,29.888,-1.562,-0.03,0.261,-0.708,-1.139,-8.034,-25,-35,11.036,3.843,30,-30,11.036,-9.843
2026-01-25 22:50:52.451,3.516,-5.841,29.639,-2.558,0.175,0.375,-0.469,-1.101,-8.178,-25,-35,11.505,12.493,30,-30,11.505,-18.493
2026-01-25 22:50:52.482,-0.095,-5.509,29.086,-3.187,0.39,0.419,-0.278,-0.919,-8.379,-25,-35,8.948,18.544,30,-30,8.948,-24.544
2026-01-25 22:50:52.493,-2.697,-5.103,28.76,-3.106,0.491,0.366,0.148,-0.847,-9.001,-25,-35,4.836,18.48,30,-30,4.836,-24.48
2026-01-25 22:50:52.514,-6.143,-4.517,28.281,-2.347,0.43,0.227,0.44,-0.79,-9.877,-25,-35,0.469,11.683,30,-30,0.469,-17.683
2026-01-25 22:50:52.534,-7.251,-4.263,28.059,-1.38,0.33,0.135,0.565,-0.66,-10.346,-22.59,-32.59,-1.193,6.016,27.59,-27.59,-1.193,-12.016
2026-01-25 22:50:52.545,-8.023,-3.95,27.81,-0.425,0.261,0.051,1.024,-0.569,-10.652,-3.501,-13.501,-3.174,1.265,8.501,-8.501,-3.174,-7.265
2026-01-25 22:50:52.576,-7.669,-3.777,27.672,0.255,0.182,-0.063,1.373,-0.469,-10.901,10.092,0.092,-6.157,-4.871,-5.092,5.092,-6.157,-1.129
2026-01-25 22:50:52.587,-6.992,-3.593,27.659,0.535,0.098,-0.095,1.364,-0.325,-11.087,15.695,5.695,-5.752,-7.832,-10.695,10.695,-5.752,1.832
2026-01-25 22:50:52.607,-6.085,-3.65,27.715,1.034,-0.08,-0.12,1.163,-0.321,-11.489,25.687,15.687,-3.217,-12.413,-20.687,20.687,-3.217,6.413
2026-01-25 22:50:52.628,-3.436,-3.977,27.966,2.058,-0.294,-0.208,0.78,-0.354,-11.312,35,25,-2.429,-20.189,-30,30,-2.429,14.189
2026-01-25 22:50:52.649,-0.895,-4.255,28.253,3.004,-0.352,-0.312,0.392,-0.435,-10.47,35,25,-5.454,-25.516,-30,30,-5.454,19.516
2026-01-25 22:50:52.680,3.614,-4.742,28.825,3.325,-0.195,-0.38,-0.057,-0.541,-9.79,35,25,-11.313,-25.111,-30,30,-11.313,19.111
2026-01-25 22:50:52.691,6.804,-4.779,29.359,2.854,-0.159,-0.369,-0.565,-0.67,-9.561,35,25,-11.569,-23.918,-30,30,-11.569,17.918
2026-01-25 22:50:52.711,8.473,-4.964,29.659,2.059,-0.19,-0.261,-1.043,-0.914,-9.178,35,25,-6.647,-20.232,-30,30,-6.647,14.232
2026-01-25 22:50:52.722,10.439,-5.274,30.051,1.34,-0.193,-0.157,-1.244,-0.995,-8.843,31.802,21.802,-2.407,-16.12,-26.802,26.802,-2.407,10.12
2026-01-25 22:50:52.742,10.967,-5.402,30.208,0.713,-0.138,-0.076,-1.335,-0.971,-8.68,19.253,9.253,-0.256,-11.795,-14.253,14.253,-0.256,5.795
2026-01-25 22:50:52.763,11.004,-5.47,30.333,-0.042,-0.033,0.062,-1.402,-0.986,-8.57,4.169,-5.831,3.132,-4.189,0.831,-0.831,3.132,-1.811
2026-01-25 22:50:52.784,10.071,-5.353,30.243,-1.042,0.094,0.241,-1.273,-0.957,-8.561,-15.837,-25.837,7.755,5.505,20.837,-20.837,7.755,-11.505
2026-01-25 22:50:52.805,7.193,-5.046,29.862,-2.242,0.179,0.427,-1.062,-0.914,-8.68,-25,-35,13.508,14.666,30,-30,13.508,-20.666
2026-01-25 22:50:52.825,4.565,-4.755,29.536,-3.089,0.296,0.478,-0.785,-0.842,-8.853,-25,-35,13.209,19.055,30,-30,13.209,-25.055
2026-01-25 22:50:52.846,-0.249,-4.052,28.908,-3.545,0.409,0.484,-0.469,-0.699,-9.101,-25,-35,11.164,21.526,30,-30,11.164,-27.526
2026-01-25 22:50:52.867,-3.124,-3.842,28.489,-3.402,0.424,0.431,-0.005,-0.622,-9.723,-25,-35,8.778,19.737,30,-30,8.778,-25.737
2026-01-25 22:50:52.899,-6.673,-3.423,27.922,-2.403,0.228,0.254,0.493,-0.555,-10.36,-25,-35,5.582,8.701,30,-30,5.582,-14.701
2026-01-25 22:50:52.909,-7.878,-3.363,27.701,-1.126,0.164,0.065,0.933,-0.488,-10.499,-17.52,-27.52,-0.682,-0.12,22.52,-22.52,-0.682,-5.88
2026-01-25 22:50:52.930,-8.023,-3.188,27.629,-0.249,0.211,-0.07,1.134,-0.335,-10.685,0.015,-9.985,-7.031,-4.594,4.985,-4.985,-7.031,-1.406
2026-01-25 22:50:52.941,-7.657,-3.026,27.596,0.315,0.143,-0.118,1.239,-0.201,-11.116,11.306,1.306,-7.585,-7.875,-6.306,6.306,-7.585,1.875
2026-01-25 22:50:52.961,-6.738,-2.928,27.614,0.882,-0.025,-0.116,1.043,-0.263,-11.259,22.641,12.641,-4.155,-11.135,-17.641,17.641,-4.155,5.135
2026-01-25 22:50:52.992,-4.804,-3.089,27.776,1.931,-0.208,-0.214,0.66,-0.359,-11.346,35,25,-4.41,-18.719,-30,30,-4.41,12.719
2026-01-25 22:50:53.013,-2.445,-3.334,28.058,3.171,-0.373,-0.401,0.182,-0.263,-11.054,35,25,-8.565,-29.478,-30,30,-8.565,23.478
2026-01-25 22:50:53.023,2.531,-3.876,28.812,3.782,-0.403,-0.581,-0.134,-0.34,-10.25,35,25,-15.169,-36,-30,30,-15.169,30
2026-01-25 22:50:53.044,6.259,-4.293,29.544,3.223,-0.312,-0.594,-0.488,-0.546,-9.747,35,25,-17.534,-36,-30,30,-17.534,30
2026-01-25 22:50:53.065,8.722,-4.725,30.149,1.957,-0.338,-0.414,-0.89,-0.799,-9.417,35,25,-9.822,-29.329,-30,30,-9.822,23.329
2026-01-25 22:50:53.086,9.868,-5.099,30.441,1.191,-0.445,-0.208,-1.306,-1.038,-9.106,28.819,18.819,0.597,-23.215,-23.819,23.819,0.597,17.215
2026-01-25 22:50:53.106,11.188,-5.689,30.715,0.896,-0.441,-0.097,-1.359,-1.038,-8.719,22.918,12.918,4.932,-18.687,-17.918,17.918,4.932,12.687
2026-01-25 22:50:53.127,11.665,-6.039,30.847,0.544,-0.294,-0.06,-1.316,-0.919,-8.331,15.887,5.887,3.494,-14.266,-10.887,10.887,3.494,8.266
2026-01-25 22:50:53.148,11.775,-6.23,30.97,-0.189,-0.061,0.058,-1.325,-0.957,-8.202,1.229,-8.771,3.515,-4.913,3.771,-3.771,3.515,-1.087
2026-01-25 22:50:53.168,10.472,-6.063,30.927,-1.303,0.169,0.252,-1.206,-1.086,-8.183,-21.056,-31.056,6.711,7.486,26.056,-26.056,6.711,-13.486
2026-01-25 22:50:53.179,8.597,-5.757,30.736,-2.61,0.358,0.432,-0.962,-1.086,-8.302,-25,-35,10.141,18.458,30,-30,10.141,-24.458
2026-01-25 22:50:53.199,4.015,-4.945,30.214,-3.694,0.474,0.532,-0.708,-0.904,-8.68,-25,-35,11.987,24,30,-30,11.987,-30
2026-01-25 22:50:53.220,0.663,-4.661,29.743,-4.058,0.469,0.55,-0.421,-0.67,-9.269,-25,-35,12.613,24,30,-30,12.613,-30
2026-01-25 22:50:53.240,-4.343,-3.966,28.957,-3.344,0.399,0.44,0.23,-0.718,-10.063,-25,-35,9.233,18.866,30,-30,9.233,-24.866
2026-01-25 22:50:53.261,-6.413,-3.846,28.584,-2.061,0.299,0.233,0.613,-0.55,-10.633,-25,-35,3.345,9.319,30,-30,3.345,-15.319
2026-01-25 22:50:53.281,-8.123,-3.541,28.168,-0.791,0.238,0.049,0.885,-0.459,-10.948,-7.655,-17.655,-3.558,-0.365,12.655,-12.655,-3.558,-5.635
2026-01-25 22:50:53.313,-8.057,-3.373,28.061,0.226,0.11,-0.111,1.144,-0.354,-11.207,9.517,-0.483,-6.626,-8.237,-4.517,4.517,-6.626,2.237
2026-01-25 22:50:53.334,-7.308,-3.331,28.125,0.718,-0.007,-0.2,1.278,-0.297,-11.188,19.36,9.36,-7.862,-14.16,-14.36,14.36,-7.862,8.16
2026-01-25 22:50:53.344,-6.488,-3.386,28.214,1.021,-0.121,-0.185,1.144,-0.359,-11.087,25.41,15.41,-4.985,-15.843,-20.41,20.41,-4.985,9.843
2026-01-25 22:50:53.365,-4.378,-3.711,28.445,1.762,-0.287,-0.214,0.689,-0.359,-11.02,35,25,-2.565,-20.852,-30,30,-2.565,14.852
2026-01-25 22:50:53.385,-2.173,-3.962,28.7,2.975,-0.424,-0.35,0.287,-0.364,-10.838,35,25,-5.539,-28.498,-30,30,-5.539,22.498
2026-01-25 22:50:53.406,1.649,-4.396,29.237,3.825,-0.366,-0.543,0.134,-0.493,-9.939,35,25,-14.402,-35.06,-30,30,-14.402,29.06
2026-01-25 22:50:53.416,6.754,-4.82,30.172,3.587,-0.205,-0.623,-0.297,-0.546,-9.465,35,25,-20.837,-35.018,-30,30,-20.837,29.018
2026-01-25 22:50:53.437,9.069,-5.033,30.657,2.46,-0.193,-0.394,-0.919,-0.861,-9.24,35,25,-11.91,-25.622,-30,30,-11.91,19.622
2026-01-25 22:50:53.458,11.316,-5.396,31.085,1.184,-0.249,-0.065,-1.311,-1.12,-8.91,28.67,18.67,2.386,-13.585,-23.67,23.67,2.386,7.585
2026-01-25 22:50:53.479,11.679,-5.603,31.104,0.186,-0.275,0.142,-1.282,-1.158,-8.542,8.728,-1.272,11.164,-5.83,-3.728,3.728,11.164,-0.17
2026-01-25 22:50:53.500,11.18,-5.832,30.993,-0.584,-0.154,0.211,-1.407,-1.038,-8.25,-6.675,-16.675,11.526,-0.652,11.675,-11.675,11.526,-5.348
2026-01-25 22:50:53.520,10.105,-5.796,30.855,-1.523,0.058,0.323,-1.455,-0.943,-8.173,-25,-35,11.761,8.061,30,-30,11.761,-14.061
2026-01-25 22:50:53.542,7.012,-5.462,30.501,-2.578,0.26,0.404,-1.158,-0.89,-8.336,-25,-35,10.951,15.348,30,-30,10.951,-21.348
2026-01-25 22:50:53.562,4.356,-5.077,30.209,-3.395,0.479,0.45,-0.689,-0.842,-8.69,-25,-35,8.394,21.569,30,-30,8.394,-27.569
2026-01-25 22:50:53.583,-0.772,-4.322,29.561,-3.83,0.55,0.488,-0.263,-0.699,-9.345,-25,-35,8.522,24,30,-30,8.522,-30
2026-01-25 22:50:53.604,-3.78,-3.961,29.11,-3.498,0.402,0.44,0.33,-0.742,-10.197,-25,-35,9.566,19.63,30,-30,9.566,-25.63
2026-01-25 22:50:53.625,-7.676,-3.646,28.403,-2.404,0.199,0.316,0.541,-0.603,-10.494,-25,-35,8.671,10.639,30,-30,8.671,-16.639
2026-01-25 22:50:53.635,-8.808,-3.529,28.135,-0.941,0.17,0.067,1.383,-0.402,-10.432,-13.813,-23.813,-0.724,0.093,18.813,-18.813,-0.724,-6.093
2026-01-25 22:50:53.656,-9.198,-3.225,27.995,0.027,0.255,-0.167,1.68,-0.187,-10.566,5.533,-4.467,-11.782,-7.598,-0.533,0.533,-11.782,1.598
2026-01-25 22:50:53.677,-8.616,-2.957,28.035,0.587,0.202,-0.183,1.598,-0.105,-10.896,16.739,6.739,-11.377,-9.281,-11.739,11.739,-11.377,3.281
2026-01-25 22:50:53.698,-7.809,-2.863,28.054,1.05,0.043,-0.092,1.302,-0.225,-11.025,26.007,16.007,-4.517,-8.812,-21.007,21.007,-4.517,2.812
2026-01-25 22:50:53.718,-5.693,-2.976,28.081,1.717,-0.176,-0.061,0.818,-0.359,-10.948,35,25,1.087,-11.944,-30,30,1.087,5.944
2026-01-25 22:50:53.739,-3.67,-3.235,28.202,2.681,-0.397,-0.197,0.215,-0.311,-10.704,35,25,0.064,-21.83,-30,30,0.064,15.83
2026-01-25 22:50:53.760,0.831,-3.794,28.708,3.527,-0.421,-0.438,-0.244,-0.349,-10.082,35,25,-9.097,-31.929,-30,30,-9.097,25.929
2026-01-25 22:50:53.781,3.735,-4.061,29.188,3.437,-0.249,-0.57,-0.737,-0.455,-9.671,35,25,-17.811,-33.782,-30,30,-17.811,27.782
2026-01-25 22:50:53.801,7.702,-4.546,30.061,2.558,-0.182,-0.556,-0.928,-0.713,-9.365,35,25,-18.767,-31.718,-30,30,-18.767,25.718
2026-01-25 22:50:53.822,9.188,-4.643,30.491,1.444,-0.223,-0.363,-1.12,-0.971,-9.188,33.89,23.89,-10.077,-24.983,-28.89,28.89,-10.077,18.983
2026-01-25 22:50:53.843,10.317,-4.971,30.898,0.519,-0.222,-0.104,-1.12,-1.024,-8.829,13.061,3.061,0.253,-14.605,-8.061,8.061,0.253,8.605
2026-01-25 22:50:53.864,10.244,-5.179,30.993,-0.144,-0.146,0.048,-0.904,-0.9,-8.585,2.124,-7.876,4.836,-7.001,2.876,-2.876,4.836,1.001
2026-01-25 22:50:53.875,9.239,-5.178,30.924,-1.048,0.003,0.226,-0.617,-0.804,-8.455,-15.964,-25.964,8.97,3.097,20.964,-20.964,8.97,-9.097
2026-01-25 22:50:53.895,7.487,-5.048,30.694,-2.5,0.138,0.493,-0.493,-0.766,-8.637,-25,-35,16.959,16.498,30,-30,16.959,-22.498
2026-01-25 22:50:53.927,-5.644,-3.774,28.208,-3.6,0.307,0.75,0.287,-0.603,-10.427,-25,-35,23.862,24,30,-30,23.862,-30
2026-01-25 22:50:53.947,-7.963,-3.685,27.651,-2.439,0.117,0.484,0.632,-0.522,-10.599,-25,-35,17.002,15.689,30,-30,17.002,-21.689
2026-01-25 22:50:53.957,-10.132,-3.625,27.003,-1.121,0.022,0.224,1.029,-0.493,-10.7,-17.413,-27.413,8.501,3.396,22.413,-22.413,8.501,-9.396
2026-01-25 22:50:53.978,-10.318,-3.7,26.835,0.108,0.002,-0.021,1.297,-0.421,-10.7,7.152,-2.848,-0.895,-6.81,-2.152,2.152,-0.895,0.81
2026-01-25 22:50:53.999,-9.456,-3.755,26.837,0.826,-0.033,-0.2,1.263,-0.345,-10.599,21.512,11.512,-7.35,-14.671,-16.512,16.512,-7.35,8.671
2026-01-25 22:50:54.020,-8.016,-3.816,26.971,1.325,-0.172,-0.223,1.005,-0.412,-10.546,31.504,21.504,-5.475,-18.336,-26.504,26.504,-5.475,12.336
2026-01-25 22:50:54.041,-6.346,-4.027,27.156,2.225,-0.347,-0.28,0.737,-0.608,-10.274,35,25,-4.261,-24.152,-30,30,-4.261,18.152
2026-01-25 22:50:54.102,-2.238,-4.519,27.666,3.336,-0.41,-0.431,0.579,-0.598,-9.939,35,25,-9.055,-31.46,-30,30,-9.055,25.46
2026-01-25 22:50:54.123,0.797,-4.783,28.119,3.741,-0.291,-0.543,0.244,-0.603,-9.633,35,25,-15.915,-33.548,-30,30,-15.915,27.548
2026-01-25 22:50:54.143,5.419,-5.07,28.945,3.076,-0.118,-0.499,-0.206,-0.723,-9.254,35,25,-18.008,-27.875,-30,30,-18.008,21.875
2026-01-25 22:50:54.164,7.787,-5.226,29.422,1.891,-0.103,-0.262,-0.727,-0.861,-9.326,35,25,-8.416,-18.549,-30,30,-8.416,12.549
2026-01-25 22:50:54.174,8.715,-5.339,29.597,0.833,-0.133,-0.006,-0.876,-1,-9.288,21.661,11.661,2.407,-8.919,-16.661,16.661,2.407,2.919
2026-01-25 22:50:54.195,9.037,-5.493,29.625,-0.046,-0.125,0.166,-1.038,-1.01,-8.996,4.084,-5.916,9.14,-1.845,0.916,-0.916,9.14,-4.155
2026-01-25 22:50:54.215,8.44,-5.493,29.54,-0.934,0.014,0.259,-0.971,-0.876,-8.728,-13.685,-23.685,10.077,4.631,18.685,-18.685,10.077,-10.631
2026-01-25 22:50:54.236,6.071,-5.268,29.272,-2.094,0.18,0.358,-0.852,-0.766,-8.742,-25,-35,10.717,11.918,30,-30,10.717,-17.918
2026-01-25 22:50:54.256,3.7,-4.991,28.994,-3.116,0.339,0.471,-0.565,-0.785,-9.068,-25,-35,12.059,19.609,30,-30,12.059,-25.609
2026-01-25 22:50:54.277,-1.15,-4.429,28.32,-3.674,0.412,0.554,-0.12,-0.751,-9.561,-25,-35,13.729,24,30,-30,13.729,-30
2026-01-25 22:50:54.298,-4.168,-4.146,27.832,-3.574,0.336,0.54,0.574,-0.742,-10.25,-25,-35,14.892,22.315,30,-30,14.892,-28.315
2026-01-25 22:50:54.318,-8.494,-3.938,27.008,-2.85,0.129,0.466,0.766,-0.694,-10.666,-25,-35,16.56,14.682,30,-30,16.56,-20.682
2026-01-25 22:50:54.349,-10.206,-3.976,26.603,-1.748,-0.018,0.321,1.617,-0.66,-10.752,-25,-35,13.188,6.464,30,-30,13.188,-12.464
2026-01-25 22:50:54.359,-11.674,-4.108,26.175,-0.722,-0.067,0.094,1.828,-0.34,-10.599,-9.445,-19.445,5.214,-3.715,14.445,-14.445,5.214,-2.285
2026-01-25 22:50:54.380,-11.841,-4.229,26.022,0.255,-0.132,-0.046,1.79,-0.364,-10.556,-9.445,-19.445,5.092,-3.593,14.445,-14.445,5.092,-2.407
2026-01-25 22:50:54.401,-11.211,-4.357,26.03,1.502,-0.245,-0.156,1.507,-0.469,-10.518,35,25,-1.321,-17.121,-30,30,-1.321,11.121
2026-01-25 22:50:54.421,-8.133,-4.69,26.279,3.055,-0.337,-0.274,1.206,-0.66,-10.24,35,25,-1.321,-17.121,-30,30,-1.321,11.121
2026-01-25 22:50:54.442,-5.178,-4.941,26.56,4.269,-0.37,-0.394,0.924,-0.694,-9.838,35,25,-8.373,-29.159,-30,30,-8.373,23.159
2026-01-25 22:50:54.463,0.862,-5.342,27.26,4.353,-0.231,-0.464,0.565,-0.708,-9.46,35,25,-8.373,-29.159,-30,30,-8.373,23.159
2026-01-25 22:50:54.484,4.15,-5.522,27.69,3.14,-0.146,-0.244,-0.11,-0.885,-9.111,35,25,-6.839,-18.677,-30,30,-6.839,12.677
2026-01-25 22:50:54.504,7.587,-5.718,28.063,1.597,-0.109,0.074,-0.967,-1.019,-9.054,35,25,-6.839,-18.677,-30,30,-6.839,12.677
2026-01-25 22:50:54.525,8.515,-5.787,28.072,0.337,-0.089,0.289,-1.101,-1.129,-8.963,11.732,1.732,13.337,3.758,-6.732,6.732,13.337,-9.758
2026-01-25 22:50:54.546,8.357,-5.837,27.86,-0.61,-0.061,0.316,-1.292,-0.995,-8.786,-9.575,-19.575,13.936,5.651,14.575,-14.575,13.936,-11.651
2026-01-25 22:50:54.567,7.127,-5.775,27.678,-1.46,0.089,0.292,-1.297,-0.818,-8.757,-7.208,-17.208,13.87,5.441,12.208,-12.208,13.87,-11.441
2026-01-25 22:50:54.577,5.589,-5.628,27.52,-2.396,0.234,0.343,-0.967,-0.794,-8.776,-25,-35,9.033,12.408,30,-30,9.033,-18.408
2026-01-25 22:50:54.598,1.842,-5.155,27.121,-3.014,0.409,0.405,-0.287,-0.708,-8.915,-25,-35,9.033,12.408,30,-30,9.033,-18.408
2026-01-25 22:50:54.619,-1.702,-4.558,26.807,-3.334,0.499,0.489,0.297,-0.651,-9.355,-25,-35,9.587,23.529,30,-30,9.587,-29.529
2026-01-25 22:50:54.640,-5.332,-4.15,25.956,-3.184,0.437,0.575,0.66,-0.77,-10.307,-25,-35,9.587,23.529,30,-30,9.587,-29.529
2026-01-25 22:50:54.672,-8.543,-3.726,25.395,-2.699,0.267,0.511,1.33,-0.675,-10.408,-25,-35,15.105,19.801,30,-30,15.105,-25.801
2026-01-25 22:50:54.693,-11.126,-3.709,24.538,-2.027,0.146,0.354,1.44,-0.44,-10.556,-25,-35,15.105,19.801,30,-30,15.105,-25.801
2026-01-25 22:50:54.703,-12.657,-3.643,24.16,-0.896,0.014,0.144,1.68,-0.388,-10.676,-12.918,-22.918,5.475,0.029,17.918,-17.918,5.475,-6.029
2026-01-25 22:50:54.723,-12.917,-3.733,23.856,0.263,-0.037,-0.067,1.651,-0.354,-10.475,13.16,3.16,-2.866,-10.613,-8.16,8.16,-2.866,4.613
2026-01-25 22:50:54.744,-12.051,-3.757,23.832,1.1,-0.046,-0.164,1.416,-0.397,-10.46,10.262,0.262,-1.939,-9.43,-5.262,5.262,-1.939,3.43
2026-01-25 22:50:54.754,-9.72,-3.963,23.93,1.924,-0.19,-0.236,0.928,-0.479,-10.676,27.008,17.008,-8.543,-16.376,-22.008,22.008,-8.543,10.376
2026-01-25 22:50:54.775,-7.317,-4.22,24.117,3.227,-0.41,-0.403,0.723,-0.569,-10.657,35,25,-7.904,-30.309,-30,30,-7.904,24.309
2026-01-25 22:50:54.795,-2.991,-4.53,24.835,4.38,-0.428,-0.637,0.526,-0.55,-10.073,35,25,-7.904,-30.309,-30,30,-7.904,24.309
2026-01-25 22:50:54.815,0.67,-4.838,25.426,4.319,-0.303,-0.674,0.258,-0.598,-9.259,35,25,-20.922,-36,-30,30,-20.922,30
2026-01-25 22:50:54.836,5.944,-5.332,26.427,3.149,-0.044,-0.52,-0.1,-0.737,-8.891,35,25,-19.92,-27.667,-30,30,-19.92,21.667
2026-01-25 22:50:54.856,8.439,-5.183,27.02,1.429,0.079,-0.185,-0.474,-0.947,-8.91,35,25,-19.92,-27.667,-30,30,-19.92,21.667
2026-01-25 22:50:54.877,9.105,-5.142,27.247,-0.032,-0,0.133,-0.756,-1.053,-9.058,4.361,-5.639,5.326,-0.674,0.639,-0.639,5.326,-5.326
2026-01-25 22:50:54.898,8.471,-5.12,27.207,-0.904,-0.007,0.303,-0.861,-0.962,-8.819,4.361,-5.639,5.326,-0.674,0.639,-0.639,5.326,-5.326
2026-01-25 22:50:54.919,7.041,-4.957,27.09,-1.523,0.113,0.378,-0.909,-0.79,-8.623,-25,-35,12.868,11.385,30,-30,12.868,-17.385
2026-01-25 22:50:54.940,4.888,-4.75,26.74,-2.176,0.277,0.386,-0.723,-0.608,-8.786,-25,-35,12.868,11.385,30,-30,12.868,-17.385
2026-01-25 22:50:54.961,2.835,-4.435,26.497,-2.176,0.277,0.448,-0.407,-0.589,-9.077,-25,-35,12.4,17.478,30,-30,12.4,-23.478
2026-01-25 22:50:54.981,-1.378,-3.711,25.903,-3.22,0.536,0.506,-0.1,-0.517,-9.79,-25,-35,9.678,24,30,-30,9.678,-30
2026-01-25 22:50:55.002,-4.033,-3.323,25.445,-3.22,0.536,0.491,0.105,-0.531,-10.456,-25,-35,8.927,24,30,-30,8.927,-30
2026-01-25 22:50:55.023,-7.811,-3.027,24.672,-2.238,0.107,0.376,0.493,-0.292,-10.838,-25,-35,13.007,9.926,30,-30,13.007,-15.926
2026-01-25 22:50:55.034,-9.281,-3.008,24.317,-2.238,0.107,0.092,1.105,-0.301,-10.585,-25,-35,1.534,-0.205,30,-30,1.534,-5.795
2026-01-25 22:50:55.054,-10.01,-2.952,24.106,-0.029,0.079,-0.157,1.397,-0.258,-10.441,6.816,-3.184,-9.199,-11.811,-1.816,1.816,-9.199,5.811
2026-01-25 22:50:55.075,-9.785,-2.885,24.148,-0.029,0.079,-0.276,1.34,-0.234,-10.757,4.425,-5.575,-12.613,-15.46,0.575,-0.575,-12.613,9.46
2026-01-25 22:50:55.096,-8.336,-2.938,24.407,1.485,-0.208,-0.296,1.22,-0.211,-10.685,35,25,-7.273,-22.621,-30,30,-7.273,16.621
2026-01-25 22:50:55.127,-6.709,-3.11,24.636,1.485,-0.208,-0.339,1.038,-0.325,-10.69,34.7,24.7,-9.396,-23.705,-29.7,29.7,-9.396,17.705
2026-01-25 22:50:55.138,-2.432,-3.54,25.165,3.52,-0.369,-0.406,0.694,-0.388,-10.135,35,25,-9.097,-30.043,-30,30,-9.097,24.043
2026-01-25 22:50:55.158,0.602,-3.813,25.568,3.52,-0.369,-0.466,0.072,-0.359,-9.886,35,25,-11.249,-31.992,-30,30,-11.249,25.992
2026-01-25 22:50:55.179,5.428,-4.207,26.298,3.031,-0.226,-0.377,-0.412,-0.627,-9.355,35,25,-10.288,-24.996,-30,30,-10.288,18.996
2026-01-25 22:50:55.190,7.575,-4.4,26.684,3.031,-0.226,-0.25,-0.756,-0.813,-9.116,35,25,-5.497,-20.53,-30,30,-5.497,14.53
2026-01-25 22:50:55.210,9.211,-4.617,27.103,0.447,-0.124,-0.023,-1.105,-0.852,-8.91,10.566,0.566,2.626,-8.232,-5.566,5.566,2.626,2.232
2026-01-25 22:50:55.231,8.985,-4.709,27.174,-0.667,-0.069,0.182,-1.192,-0.837,-8.647,13.948,3.948,1.534,-9.409,-8.948,8.948,1.534,3.409
2026-01-25 22:50:55.252,8.088,-4.704,27.105,-0.667,-0.069,0.304,-1.053,-0.699,-8.8,-8.337,-18.337,13.529,4.759,13.337,-13.337,13.529,-10.759
