timestamp,angle_roll,angle_pitch,angle_yaw,gyro_x,gyro_y,gyro_z,acc_x,acc_y,acc_z,target_roll,target_pitch,target_yaw,target_wx,target_wy,target_wz,rudder1,rudder2,rudder3,rudder4
2026-01-26 12:52:19.281,0.119,-4.739,-32.818,1.589,-0.265,-0.379,0.426,-0.876,-8.341,0.000,0.000,0.000,0.000,0.000,0.000,-25.000,-35.000,9.848,14.449
2026-01-26 12:52:19.313,3.379,-5.169,-31.622,2.348,-0.260,-0.369,-0.077,-0.675,-9.149,0.000,0.000,0.000,0.000,0.000,0.000,-25.000,-35.000,9.554,13.932
2026-01-26 12:52:19.323,5.506,-5.366,-30.968,2.504,-0.199,-0.262,-0.723,-0.493,-10.121,0.000,0.000,0.000,0.000,0.000,0.000,-25.000,-35.000,6.475,8.447
2026-01-26 12:52:19.345,8.594,-5.558,-30.186,2.140,-0.093,-0.089,-1.321,-0.421,-10.810,0.000,0.000,0.000,0.000,0.000,0.000,-25.000,-35.000,1.763,-0.648
2026-01-26 12:52:19.365,9.738,-5.597,-29.975,1.577,-0.061,0.066,-1.723,-0.378,-11.303,0.000,0.000,0.000,0.000,0.000,0.000,-25.000,-35.000,-3.836,-7.405
2026-01-26 12:52:19.386,10.406,-5.561,-29.857,0.426,-0.013,0.121,-2.163,-0.469,-11.341,0.000,0.000,0.000,0.000,0.000,0.000,-2.760,-12.760,-5.081,-10.634
2026-01-26 12:52:19.407,10.045,-5.458,-29.915,-0.197,0.036,0.177,-2.445,-0.550,-11.226,0.000,0.000,0.000,0.000,0.000,0.000,8.949,-1.051,-6.370,-13.819
2026-01-26 12:52:19.428,8.402,-5.096,-30.362,-1.235,0.171,0.295,-2.622,-0.488,-11.307,0.000,0.000,0.000,0.000,0.000,0.000,29.699,19.699,-8.384,-21.223
2026-01-26 12:52:19.438,5.312,-4.795,-31.177,-2.211,0.291,0.444,-2.292,-0.660,-10.814,0.000,0.000,0.000,0.000,0.000,0.000,35.000,25.000,-12.621,-28.917
2026-01-26 12:52:19.459,2.639,-4.478,-32.243,-2.811,0.334,0.453,-1.608,-0.670,-10.092,0.000,0.000,0.000,0.000,0.000,0.000,35.000,25.000,-11.461,-30.801
2026-01-26 12:52:19.479,-1.799,-3.957,-33.096,-3.179,0.347,0.312,-0.679,-0.904,-9.250,0.000,0.000,0.000,0.000,0.000,0.000,35.000,25.000,-5.550,-25.420
2026-01-26 12:52:19.532,-3.861,-3.753,-33.743,-2.671,0.250,0.152,0.086,-0.861,-8.532,0.000,0.000,0.000,0.000,0.000,0.000,35.000,25.000,-1.067,-17.077
2026-01-26 12:52:19.542,-5.504,-3.560,-34.033,-1.516,0.015,-0.009,0.603,-0.962,-7.814,0.000,0.000,0.000,0.000,0.000,0.000,34.423,24.423,0.492,-5.810
2026-01-26 12:52:19.574,-5.617,-3.696,-34.007,-0.548,-0.111,-0.144,1.005,-1.053,-7.527,0.000,0.000,0.000,0.000,0.000,0.000,15.956,5.956,3.560,1.988
2026-01-26 12:52:19.594,-4.145,-4.078,-33.532,1.069,-0.292,-0.285,1.201,-1.086,-7.450,0.000,0.000,0.000,0.000,0.000,0.000,-17.400,-27.400,5.468,11.371
2026-01-26 12:52:19.605,-2.249,-4.382,-32.909,1.935,-0.358,-0.432,0.986,-0.971,-7.728,0.000,0.000,0.000,0.000,0.000,0.000,-25.000,-35.000,10.141,18.459
2026-01-26 12:52:19.615,1.959,-4.977,-31.464,3.046,-0.403,-0.493,0.316,-0.766,-8.814,0.000,0.000,0.000,0.000,0.000,0.000,-25.000,-35.000,11.621,21.794
2026-01-26 12:52:19.647,4.820,-5.267,-30.577,3.344,-0.309,-0.392,-0.584,-0.273,-10.312,0.000,0.000,0.000,0.000,0.000,0.000,-25.000,-35.000,9.509,15.852
2026-01-26 12:52:19.657,8.846,-5.459,-29.602,2.752,-0.063,-0.089,-1.469,-0.220,-11.518,0.000,0.000,0.000,0.000,0.000,0.000,-25.000,-35.000,2.479,-1.320
2026-01-26 12:52:19.657,9.920,-5.348,-29.539,1.665,0.052,0.241,-1.828,-0.038,-12.140,0.000,0.000,0.000,0.000,0.000,0.000,-25.000,-35.000,-8.582,-16.678
2026-01-26 12:52:19.688,9.419,-4.920,-29.918,-0.465,0.194,0.345,-1.962,-0.153,-12.121,0.000,0.000,0.000,0.000,0.000,0.000,15.674,5.674,-9.812,-23.757
2026-01-26 12:52:19.698,7.032,-4.621,-30.467,-1.611,0.254,0.306,-1.885,-0.455,-11.169,0.000,0.000,0.000,0.000,0.000,0.000,31.406,21.406,-7.454,-23.047
2026-01-26 12:52:19.719,5.382,-4.430,-30.809,-1.851,0.179,0.269,-1.680,-0.660,-9.991,0.000,0.000,0.000,0.000,0.000,0.000,35.000,25.000,-7.177,-20.341
2026-01-26 12:52:19.760,3.459,-4.341,-31.296,-1.403,-0.043,0.239,-1.378,-0.871,-9.293,0.000,0.000,0.000,0.000,0.000,0.000,35.000,25.000,-9.219,-15.913
2026-01-26 12:52:19.770,3.029,-4.392,-31.749,-0.933,-0.127,0.173,-1.321,-0.943,-8.991,0.000,0.000,0.000,0.000,0.000,0.000,23.668,13.668,-9.467,-10.382
2026-01-26 12:52:19.781,2.736,-4.566,-32.041,-0.367,-0.157,0.090,-1.101,-1.058,-8.924,0.000,0.000,0.000,0.000,0.000,0.000,12.032,2.032,-6.738,-6.463
2026-01-26 12:52:19.802,2.553,-4.639,-32.136,-0.290,-0.106,0.005,-0.833,-0.904,-8.948,0.000,0.000,0.000,0.000,0.000,0.000,10.799,0.799,-2.339,-4.087
2026-01-26 12:52:19.823,2.161,-4.530,-32.136,-0.325,0.104,-0.042,-0.694,-0.794,-9.427,0.000,0.000,0.000,0.000,0.000,0.000,11.528,1.528,3.905,-6.581
2026-01-26 12:52:19.844,1.645,-4.317,-32.155,-0.410,0.207,-0.032,-0.421,-0.742,-9.403,0.000,0.000,0.000,0.000,0.000,0.000,12.674,2.674,4.943,-8.386
2026-01-26 12:52:19.854,1.366,-4.150,-32.209,-0.388,0.200,-0.025,-0.120,-0.541,-9.747,0.000,0.000,0.000,0.000,0.000,0.000,12.753,2.753,4.983,-9.023
2026-01-26 12:52:19.896,1.004,-3.894,-32.307,-0.336,0.169,-0.016,-0.019,-0.464,-10.015,0.000,0.000,0.000,0.000,0.000,0.000,11.696,1.696,4.003,-8.725
2026-01-26 12:52:19.948,0.650,-3.793,-32.504,-0.286,0.110,-0.009,0.153,-0.397,-10.006,0.000,0.000,0.000,0.000,0.000,0.000,11.011,1.011,2.933,-8.209
2026-01-26 12:52:19.958,0.531,-3.755,-32.648,-0.182,0.053,0.000,0.148,-0.402,-9.944,0.000,0.000,0.000,0.000,0.000,0.000,8.633,-1.367,1.051,-7.051
2026-01-26 12:52:19.979,0.469,-3.789,-32.884,-0.066,-0.032,0.024,0.033,-0.450,-9.838,0.000,0.000,0.000,0.000,0.000,0.000,6.974,-3.026,-1.197,-6.721
2026-01-26 12:52:20.010,0.522,-3.841,-33.131,0.019,-0.063,0.031,-0.033,-0.531,-9.723,0.000,0.000,0.000,0.000,0.000,0.000,4.610,-5.390,-2.488,-5.984
2026-01-26 12:52:20.020,0.631,-3.934,-33.349,0.058,-0.068,0.022,-0.182,-0.593,-9.704,0.000,0.000,0.000,0.000,0.000,0.000,4.002,-5.998,-2.262,-5.485
2026-01-26 12:52:20.052,0.676,-3.961,-33.563,0.042,-0.044,0.023,-0.263,-0.627,-9.700,0.000,0.000,0.000,0.000,0.000,0.000,4.151,-5.849,-1.809,-6.066
2026-01-26 12:52:20.052,0.674,-3.974,-33.789,-0.018,-0.014,0.022,-0.316,-0.613,-9.767,0.000,0.000,0.000,0.000,0.000,0.000,5.408,-4.592,-1.151,-6.639
2026-01-26 12:52:20.083,0.617,-3.963,-33.952,-0.062,0.002,0.010,-0.282,-0.603,-9.743,0.000,0.000,0.000,0.000,0.000,0.000,6.246,-3.754,-0.361,-6.449
2026-01-26 12:52:20.103,0.478,-3.930,-34.209,-0.105,0.020,-0.004,-0.211,-0.593,-9.709,0.000,0.000,0.000,0.000,0.000,0.000,7.108,-2.892,0.543,-6.245
2026-01-26 12:52:20.114,0.393,-3.902,-34.447,-0.073,0.024,-0.011,-0.148,-0.541,-9.786,0.000,0.000,0.000,0.000,0.000,0.000,6.704,-3.296,0.887,-6.035
2026-01-26 12:52:20.145,0.354,-3.876,-34.611,-0.061,0.025,-0.002,-0.115,-0.522,-9.872,0.000,0.000,0.000,0.000,0.000,0.000,6.228,-3.772,0.582,-6.412
2026-01-26 12:52:20.165,0.268,-3.846,-34.835,-0.082,0.013,0.001,-0.005,-0.522,-9.872,0.000,0.000,0.000,0.000,0.000,0.000,6.658,-3.342,0.217,-6.303
2026-01-26 12:52:20.207,0.203,-3.831,-35.009,-0.084,0.011,0.000,0.033,-0.464,-9.967,0.000,0.000,0.000,0.000,0.000,0.000,6.678,-3.322,0.211,-6.211
2026-01-26 12:52:20.217,0.054,-3.808,-35.363,-0.123,0.012,0.028,0.033,-0.445,-10.068,0.000,0.000,0.000,0.000,0.000,0.000,7.493,-2.507,-0.864,-7.352
2026-01-26 12:52:20.228,-0.121,-3.805,-35.644,-0.194,-0.001,0.060,0.029,-0.464,-10.078,0.000,0.000,0.000,0.000,0.000,0.000,8.875,-1.125,-2.432,-8.383
2026-01-26 12:52:20.238,-0.575,-3.819,-36.162,-0.347,-0.013,0.077,0.043,-0.574,-9.886,0.000,0.000,0.000,0.000,0.000,0.000,12.046,2.046,-3.358,-8.821
2026-01-26 12:52:20.259,-0.919,-3.820,-36.461,-0.405,-0.008,0.075,0.096,-0.651,-9.728,0.000,0.000,0.000,0.000,0.000,0.000,13.107,3.107,-3.166,-8.842
2026-01-26 12:52:20.280,-1.490,-3.802,-36.912,-0.414,0.014,0.069,0.144,-0.617,-9.623,0.000,0.000,0.000,0.000,0.000,0.000,13.264,3.264,-2.476,-9.064
2026-01-26 12:52:20.301,-1.837,-3.770,-37.180,-0.426,0.035,0.072,0.191,-0.560,-9.752,0.000,0.000,0.000,0.000,0.000,0.000,13.518,3.518,-2.184,-9.569
2026-01-26 12:52:20.322,-2.586,-3.623,-37.709,-0.584,0.120,0.104,0.182,-0.440,-9.953,0.000,0.000,0.000,0.000,0.000,0.000,16.814,6.814,-1.701,-12.608
2026-01-26 12:52:20.332,-3.746,-3.386,-38.376,-0.835,0.174,0.138,0.301,-0.431,-9.872,0.000,0.000,0.000,0.000,0.000,0.000,20.194,10.194,-2.311,-14.726
2026-01-26 12:52:20.353,-4.518,-3.240,-38.735,-0.920,0.185,0.113,0.517,-0.455,-9.771,0.000,0.000,0.000,0.000,0.000,0.000,23.395,13.395,-0.837,-14.239
2026-01-26 12:52:20.374,-5.617,-3.157,-39.201,-0.846,0.149,0.069,0.703,-0.498,-9.704,0.000,0.000,0.000,0.000,0.000,0.000,22.510,12.510,0.483,-11.980
2026-01-26 12:52:20.394,-6.207,-3.018,-39.429,-0.728,0.100,0.027,0.890,-0.502,-9.728,0.000,0.000,0.000,0.000,0.000,0.000,19.554,9.554,0.905,-9.078
2026-01-26 12:52:20.415,-6.869,-3.043,-39.679,-0.529,0.025,-0.010,1.110,-0.488,-9.656,0.000,0.000,0.000,0.000,0.000,0.000,16.766,6.766,1.259,-6.450
2026-01-26 12:52:20.446,-7.130,-3.042,-39.799,-0.379,-0.004,-0.021,1.258,-0.483,-9.518,0.000,0.000,0.000,0.000,0.000,0.000,12.580,2.580,0.759,-5.097
2026-01-26 12:52:20.457,-7.414,-3.055,-39.935,-0.278,-0.031,-0.023,1.421,-0.522,-9.446,0.000,0.000,0.000,0.000,0.000,0.000,10.494,0.494,0.274,-4.442
2026-01-26 12:52:20.498,-7.530,-3.083,-39.996,-0.111,-0.029,-0.054,1.560,-0.536,-9.221,0.000,0.000,0.000,0.000,0.000,0.000,8.248,-1.752,1.564,-3.217
2026-01-26 12:52:20.498,-7.354,-3.116,-39.950,0.120,-0.045,-0.086,1.570,-0.536,-9.245,0.000,0.000,0.000,0.000,0.000,0.000,2.599,-7.401,2.526,-1.665
2026-01-26 12:52:20.509,-6.955,-3.158,-39.854,0.344,-0.056,-0.086,1.479,-0.493,-9.489,0.000,0.000,0.000,0.000,0.000,0.000,-2.035,-12.035,2.312,-1.451
2026-01-26 12:52:20.529,-6.401,-3.147,-39.754,0.399,-0.041,-0.052,1.349,-0.488,-9.599,0.000,0.000,0.000,0.000,0.000,0.000,-2.808,-12.808,2.304,-1.444
2026-01-26 12:52:20.550,-6.069,-3.161,-39.703,0.404,-0.033,-0.055,1.239,-0.450,-9.647,0.000,0.000,0.000,0.000,0.000,0.000,-3.073,-13.073,1.534,-3.145
2026-01-26 12:52:20.570,-5.532,-3.235,-39.594,0.477,-0.047,-0.081,1.139,-0.474,-9.647,0.000,0.000,0.000,0.000,0.000,0.000,-4.716,-14.716,2.416,-1.630
2026-01-26 12:52:20.591,-5.046,-3.285,-39.482,0.598,-0.083,-0.088,0.967,-0.402,-9.867,0.000,0.000,0.000,0.000,0.000,0.000,-6.960,-16.960,1.874,-0.801
2026-01-26 12:52:20.612,-4.193,-3.401,-39.309,0.604,-0.091,-0.037,0.770,-0.378,-10.058,0.000,0.000,0.000,0.000,0.000,0.000,-6.937,-16.937,-0.567,-3.010
2026-01-26 12:52:20.633,-3.737,-3.424,-39.333,0.389,-0.047,0.026,0.636,-0.388,-10.173,0.000,0.000,0.000,0.000,0.000,0.000,-6.217,-16.217,-0.134,-2.926
2026-01-26 12:52:20.654,-3.711,-3.442,-39.439,0.116,0.006,0.051,0.517,-0.383,-10.226,0.000,0.000,0.000,0.000,0.000,0.000,2.679,-7.321,-1.934,-8.156
2026-01-26 12:52:20.674,-3.969,-3.424,-39.634,-0.132,0.011,0.045,0.512,-0.464,-9.948,0.000,0.000,0.000,0.000,0.000,0.000,5.474,-4.526,-1.394,-8.696
2026-01-26 12:52:20.695,-4.187,-3.494,-39.825,-0.056,-0.059,-0.001,0.613,-0.617,-9.503,0.000,0.000,0.000,0.000,0.000,0.000,7.683,-2.317,-1.649,-5.715
2026-01-26 12:52:20.727,-4.170,-3.531,-39.872,0.001,-0.039,-0.007,0.598,-0.613,-9.613,0.000,0.000,0.000,0.000,0.000,0.000,4.976,-5.024,-0.488,-4.915
2026-01-26 12:52:20.757,-4.182,-3.511,-39.998,-0.013,0.008,-0.009,0.675,-0.569,-9.661,0.000,0.000,0.000,0.000,0.000,0.000,5.339,-4.661,0.577,-5.884
2026-01-26 12:52:20.758,-4.219,-3.477,-40.088,-0.040,0.027,-0.020,0.713,-0.546,-9.656,0.000,0.000,0.000,0.000,0.000,0.000,5.797,-4.203,1.318,-5.742
2026-01-26 12:52:20.768,-4.272,-3.428,-40.230,-0.029,0.027,-0.028,0.809,-0.522,-9.719,0.000,0.000,0.000,0.000,0.000,0.000,5.526,-4.474,1.696,-5.353
2026-01-26 12:52:20.789,-4.281,-3.399,-40.324,-0.010,0.026,-0.017,0.871,-0.526,-9.719,0.000,0.000,0.000,0.000,0.000,0.000,5.197,-4.803,1.177,-5.856
2026-01-26 12:52:20.830,-4.291,-3.353,-40.523,-0.004,0.030,-0.005,0.924,-0.502,-9.690,0.000,0.000,0.000,0.000,0.000,0.000,5.088,-4.912,0.760,-6.446
2026-01-26 12:52:20.840,-4.295,-3.316,-40.662,0.003,0.040,0.000,0.871,-0.445,-9.723,0.000,0.000,0.000,0.000,0.000,0.000,4.942,-5.058,0.793,-6.793
2026-01-26 12:52:20.851,-4.276,-3.246,-40.911,0.017,0.044,0.004,0.847,-0.445,-9.795,0.000,0.000,0.000,0.000,0.000,0.000,4.636,-5.364,0.689,-7.072
2026-01-26 12:52:20.882,-4.256,-3.213,-41.065,0.024,0.034,0.010,0.799,-0.469,-9.838,0.000,0.000,0.000,0.000,0.000,0.000,4.520,-5.480,0.274,-7.084
2026-01-26 12:52:20.934,-4.238,-3.174,-41.333,0.014,0.026,0.022,0.737,-0.493,-9.829,0.000,0.000,0.000,0.000,0.000,0.000,4.761,-5.239,-0.409,-7.455
2026-01-26 12:52:20.944,-4.239,-3.152,-41.502,-0.001,0.022,0.019,0.703,-0.507,-9.743,0.000,0.000,0.000,0.000,0.000,0.000,5.012,-4.988,-0.327,-7.207
2026-01-26 12:52:20.975,-4.242,-3.128,-41.750,0.005,0.018,0.005,0.632,-0.483,-9.728,0.000,0.000,0.000,0.000,0.000,0.000,4.878,-5.122,0.203,-6.491
2026-01-26 12:52:21.006,-4.225,-3.108,-41.877,0.020,0.021,0.001,0.608,-0.488,-9.762,0.000,0.000,0.000,0.000,0.000,0.000,4.609,-5.391,0.391,-6.434
2026-01-26 12:52:21.016,-4.192,-3.071,-42.078,0.022,0.023,-0.010,0.598,-0.464,-9.829,0.000,0.000,0.000,0.000,0.000,0.000,4.565,-5.435,0.843,-6.076
2026-01-26 12:52:21.037,-4.175,-3.050,-42.236,0.012,0.016,-0.023,0.632,-0.479,-9.800,0.000,0.000,0.000,0.000,0.000,0.000,4.636,-5.364,0.834,-6.067
2026-01-26 12:52:21.047,-4.180,-3.034,-42.330,0.001,0.010,-0.023,0.684,-0.464,-9.848,0.000,0.000,0.000,0.000,0.000,0.000,4.989,-5.011,1.108,-5.276
2026-01-26 12:52:21.057,-4.238,-3.022,-42.490,-0.038,0.012,-0.007,0.775,-0.445,-9.857,0.000,0.000,0.000,0.000,0.000,0.000,5.109,-4.891,1.060,-5.228
2026-01-26 12:52:21.057,-4.327,-3.014,-42.615,-0.087,0.012,-0.001,0.828,-0.412,-9.810,0.000,0.000,0.000,0.000,0.000,0.000,6.734,-3.266,0.266,-6.223
2026-01-26 12:52:21.068,-4.476,-2.992,-42.805,-0.104,0.010,-0.007,0.861,-0.392,-9.790,0.000,0.000,0.000,0.000,0.000,0.000,7.223,-2.777,0.242,-6.200
2026-01-26 12:52:21.089,-4.558,-2.973,-42.921,-0.092,0.005,0.000,0.885,-0.421,-9.800,0.000,0.000,0.000,0.000,0.000,0.000,6.846,-3.154,0.092,-6.092
2026-01-26 12:52:21.109,-4.660,-2.977,-43.086,-0.093,-0.004,0.014,0.880,-0.440,-9.814,0.000,0.000,0.000,0.000,0.000,0.000,6.869,-3.131,-0.745,-6.549
2026-01-26 12:52:21.130,-4.752,-2.979,-43.228,-0.111,-0.003,0.023,0.847,-0.421,-9.819,0.000,0.000,0.000,0.000,0.000,0.000,7.226,-2.774,-0.985,-6.847
2026-01-26 12:52:21.150,-4.949,-2.982,-43.502,-0.146,-0.002,0.027,0.813,-0.459,-9.790,0.000,0.000,0.000,0.000,0.000,0.000,7.981,-2.019,-1.151,-7.064
2026-01-26 12:52:21.171,-5.195,-2.993,-43.760,-0.176,-0.008,0.019,0.775,-0.435,-9.867,0.000,0.000,0.000,0.000,0.000,0.000,8.399,-1.601,-0.889,-6.645
2026-01-26 12:52:21.192,-5.373,-3.008,-43.897,-0.207,-0.016,0.013,0.756,-0.498,-9.915,0.000,0.000,0.000,0.000,0.000,0.000,9.145,-0.855,-0.833,-6.190
2026-01-26 12:52:21.223,-5.737,-3.073,-44.093,-0.261,-0.031,0.006,0.866,-0.531,-9.762,0.000,0.000,0.000,0.000,0.000,0.000,9.568,-0.432,-0.943,-6.079
2026-01-26 12:52:21.234,-5.956,-3.104,-44.196,-0.262,-0.039,-0.012,1.029,-0.531,-9.537,0.000,0.000,0.000,0.000,0.000,0.000,10.247,0.247,-0.283,-4.737
2026-01-26 12:52:21.265,-6.143,-3.125,-44.282,-0.171,-0.041,-0.037,1.129,-0.565,-9.369,0.000,0.000,0.000,0.000,0.000,0.000,8.226,-1.774,0.780,-3.595
2026-01-26 12:52:21.276,-6.133,-3.150,-44.318,0.025,-0.039,-0.051,1.153,-0.598,-9.388,0.000,0.000,0.000,0.000,0.000,0.000,5.537,-4.463,1.214,-3.166
2026-01-26 12:52:21.317,-6.003,-3.154,-44.327,0.124,-0.029,-0.051,1.139,-0.593,-9.499,0.000,0.000,0.000,0.000,0.000,0.000,2.524,-7.476,1.451,-3.403
2026-01-26 12:52:21.328,-5.752,-3.186,-44.297,0.208,-0.022,-0.052,1.139,-0.555,-9.566,0.000,0.000,0.000,0.000,0.000,0.000,0.758,-9.242,1.656,-3.464
2026-01-26 12:52:21.349,-5.561,-3.190,-44.271,0.219,-0.008,-0.048,1.077,-0.431,-9.795,0.000,0.000,0.000,0.000,0.000,0.000,0.624,-9.376,1.749,-3.914
2026-01-26 12:52:21.359,-5.340,-3.148,-44.266,0.155,0.022,-0.016,0.976,-0.440,-9.924,0.000,0.000,0.000,0.000,0.000,0.000,2.050,-7.950,0.963,-6.005
2026-01-26 12:52:21.380,-5.302,-3.109,-44.313,0.043,0.038,0.010,0.986,-0.416,-9.944,0.000,0.000,0.000,0.000,0.000,0.000,4.134,-5.866,0.380,-7.147
2026-01-26 12:52:21.402,-5.401,-3.048,-44.459,-0.061,0.042,0.015,0.967,-0.459,-9.838,0.000,0.000,0.000,0.000,0.000,0.000,6.331,-3.669,0.209,-7.456
2026-01-26 12:52:21.412,-5.481,-3.018,-44.551,-0.074,0.031,0.010,0.976,-0.431,-9.824,0.000,0.000,0.000,0.000,0.000,0.000,6.478,-3.522,0.230,-6.997
2026-01-26 12:52:21.433,-5.534,-2.999,-44.692,-0.028,0.011,0.011,0.957,-0.416,-9.891,0.000,0.000,0.000,0.000,0.000,0.000,5.468,-4.532,-0.231,-6.631
2026-01-26 12:52:21.453,-5.536,-3.010,-44.793,-0.016,-0.012,0.018,0.933,-0.459,-9.881,0.000,0.000,0.000,0.000,0.000,0.000,5.322,-4.678,-0.966,-6.483
2026-01-26 12:52:21.464,-5.591,-3.057,-45.011,-0.042,-0.032,0.020,0.947,-0.488,-9.790,0.000,0.000,0.000,0.000,0.000,0.000,5.896,-4.104,-1.474,-6.167
2026-01-26 12:52:21.485,-5.651,-3.083,-45.161,-0.069,-0.026,0.025,0.909,-0.440,-9.881,0.000,0.000,0.000,0.000,0.000,0.000,6.388,-3.612,-1.523,-6.480
2026-01-26 12:52:21.526,-5.830,-3.105,-45.467,-0.140,-0.014,0.047,0.919,-0.426,-9.929,0.000,0.000,0.000,0.000,0.000,0.000,7.935,-2.065,-2.249,-7.719
2026-01-26 12:52:21.537,-6.199,-3.164,-45.858,-0.291,-0.012,0.063,0.928,-0.435,-9.948,0.000,0.000,0.000,0.000,0.000,0.000,10.007,0.007,-2.775,-8.295
2026-01-26 12:52:21.547,-6.515,-3.197,-46.103,-0.367,-0.019,0.069,0.971,-0.479,-9.886,0.000,0.000,0.000,0.000,0.000,0.000,12.337,2.337,-3.141,-8.399
2026-01-26 12:52:21.568,-7.105,-3.269,-46.396,-0.419,-0.044,0.068,1.086,-0.584,-9.709,0.000,0.000,0.000,0.000,0.000,0.000,13.162,3.162,-3.230,-8.309
2026-01-26 12:52:21.598,-7.447,-3.345,-46.662,-0.417,-0.074,0.043,1.244,-0.636,-9.585,0.000,0.000,0.000,0.000,0.000,0.000,13.349,3.349,-3.208,-6.243
2026-01-26 12:52:21.609,-7.880,-3.456,-46.848,-0.336,-0.082,0.005,1.340,-0.684,-9.508,0.000,0.000,0.000,0.000,0.000,0.000,13.239,3.239,-3.502,-5.949
2026-01-26 12:52:21.641,-8.031,-3.506,-46.971,-0.225,-0.073,-0.014,1.412,-0.703,-9.360,0.000,0.000,0.000,0.000,0.000,0.000,9.503,-0.497,-0.899,-3.994
2026-01-26 12:52:21.652,-8.132,-3.574,-47.027,-0.098,-0.065,-0.035,1.522,-0.660,-9.321,0.000,0.000,0.000,0.000,0.000,0.000,8.411,-1.589,-0.816,-4.076
2026-01-26 12:52:21.662,-8.083,-3.590,-47.023,0.018,-0.046,-0.056,1.565,-0.679,-9.379,0.000,0.000,0.000,0.000,0.000,0.000,4.630,-5.370,1.325,-2.851
2026-01-26 12:52:21.683,-7.861,-3.591,-46.964,0.143,-0.026,-0.063,1.570,-0.627,-9.479,0.000,0.000,0.000,0.000,0.000,0.000,3.437,-6.563,1.594,-3.120
2026-01-26 12:52:21.703,-7.628,-3.581,-46.863,0.254,-0.024,-0.065,1.517,-0.536,-9.676,0.000,0.000,0.000,0.000,0.000,0.000,-0.077,-10.077,2.122,-2.924
2026-01-26 12:52:21.734,-7.221,-3.604,-46.778,0.292,-0.025,-0.036,1.378,-0.512,-9.944,0.000,0.000,0.000,0.000,0.000,0.000,-1.255,-11.255,2.112,-2.914
2026-01-26 12:52:21.755,-7.096,-3.636,-46.759,0.181,-0.016,0.011,1.340,-0.565,-9.910,0.000,0.000,0.000,0.000,0.000,0.000,1.382,-8.618,-0.772,-6.123
2026-01-26 12:52:21.796,-7.105,-3.640,-46.812,0.008,0.004,0.032,1.316,-0.584,-9.728,0.000,0.000,0.000,0.000,0.000,0.000,5.087,-4.913,-1.268,-7.496
2026-01-26 12:52:21.806,-7.207,-3.616,-46.866,-0.097,0.038,0.033,1.220,-0.589,-9.690,0.000,0.000,0.000,0.000,0.000,0.000,6.942,-3.058,-0.565,-8.076
2026-01-26 12:52:21.817,-7.411,-3.533,-46.973,-0.134,0.064,0.038,1.235,-0.593,-9.537,0.000,0.000,0.000,0.000,0.000,0.000,7.682,-2.318,-0.238,-8.787
2026-01-26 12:52:21.837,-7.533,-3.471,-47.061,-0.081,0.056,0.020,1.263,-0.684,-9.532,0.000,0.000,0.000,0.000,0.000,0.000,7.604,-2.396,-0.155,-8.870
2026-01-26 12:52:21.859,-7.536,-3.430,-47.106,-0.044,0.047,0.020,1.249,-0.641,-9.613,0.000,0.000,0.000,0.000,0.000,0.000,5.885,-4.115,0.146,-7.722
2026-01-26 12:52:21.869,-7.443,-3.370,-47.104,0.051,0.051,-0.013,1.201,-0.579,-9.613,0.000,0.000,0.000,0.000,0.000,0.000,3.939,-6.061,1.572,-6.454
2026-01-26 12:52:21.889,-7.317,-3.335,-47.110,0.124,0.041,-0.013,1.158,-0.541,-9.776,0.000,0.000,0.000,0.000,0.000,0.000,2.522,-7.478,1.361,-6.296
2026-01-26 12:52:21.931,-7.018,-3.354,-47.068,0.200,-0.005,-0.034,1.129,-0.555,-9.776,0.000,0.000,0.000,0.000,0.000,0.000,0.972,-9.028,1.285,-4.478
2026-01-26 12:52:21.942,-6.828,-3.386,-47.025,0.222,-0.036,-0.034,1.077,-0.536,-9.905,0.000,0.000,0.000,0.000,0.000,0.000,0.564,-9.436,0.630,-3.945
2026-01-26 12:52:21.962,-6.683,-3.412,-46.986,0.154,-0.032,-0.004,1.105,-0.536,-9.905,0.000,0.000,0.000,0.000,0.000,0.000,1.934,-8.066,-0.629,-5.334
2026-01-26 12:52:21.973,-6.776,-3.400,-47.004,-0.054,0.013,-0.003,1.105,-0.613,-9.700,0.000,0.000,0.000,0.000,0.000,0.000,4.739,-5.261,0.211,-5.912
2026-01-26 12:52:21.983,-6.854,-3.371,-47.026,-0.104,0.021,-0.003,1.220,-0.584,-9.685,0.000,0.000,0.000,0.000,0.000,0.000,7.074,-2.926,0.546,-6.290
2026-01-26 12:52:22.014,-6.954,-3.344,-47.004,-0.088,0.019,-0.021,1.292,-0.560,-9.685,0.000,0.000,0.000,0.000,0.000,0.000,6.764,-3.236,1.274,-5.500
2026-01-26 12:52:22.055,-6.940,-3.340,-46.978,-0.009,0.004,-0.021,1.321,-0.560,-9.633,0.000,0.000,0.000,0.000,0.000,0.000,5.187,-4.813,0.933,-5.229
2026-01-26 12:52:22.066,-6.804,-3.389,-46.948,0.077,-0.035,-0.021,1.340,-0.565,-9.633,0.000,0.000,0.000,0.000,0.000,0.000,3.427,-6.573,0.140,-4.436
2026-01-26 12:52:22.077,-6.682,-3.407,-46.925,0.133,-0.030,-0.021,1.268,-0.560,-9.647,0.000,0.000,0.000,0.000,0.000,0.000,2.345,-7.655,0.262,-4.558
2026-01-26 12:52:22.087,-6.495,-3.405,-46.922,0.144,-0.006,0.011,1.177,-0.522,-9.647,0.000,0.000,0.000,0.000,0.000,0.000,2.110,-7.890,-0.651,-6.409
2026-01-26 12:52:22.108,-6.404,-3.394,-46.946,0.121,0.010,0.011,1.125,-0.546,-9.810,0.000,0.000,0.000,0.000,0.000,0.000,2.585,-7.415,-0.256,-6.639
2026-01-26 12:52:22.139,-6.351,-3.374,-46.993,0.057,0.019,0.016,1.053,-0.574,-9.810,0.000,0.000,0.000,0.000,0.000,0.000,3.882,-6.118,-0.247,-7.010
2026-01-26 12:52:22.150,-6.336,-3.374,-47.020,0.032,0.006,0.016,0.971,-0.584,-9.877,0.000,0.000,0.000,0.000,0.000,0.000,4.363,-5.637,-0.513,-6.766
2026-01-26 12:52:22.160,-6.308,-3.393,-47.095,0.029,-0.006,0.018,0.947,-0.617,-9.786,0.000,0.000,0.000,0.000,0.000,0.000,4.418,-5.582,-0.827,-6.589
2026-01-26 12:52:22.201,-6.325,-3.433,-47.174,-0.007,-0.025,0.008,0.971,-0.613,-9.776,0.000,0.000,0.000,0.000,0.000,0.000,4.870,-5.130,-1.147,-6.259
2026-01-26 12:52:22.211,-6.343,-3.461,-47.250,-0.017,-0.028,0.008,1.010,-0.598,-9.680,0.000,0.000,0.000,0.000,0.000,0.000,5.338,-4.662,-0.878,-5.761
2026-01-26 12:52:22.222,-6.373,-3.487,-47.317,-0.027,-0.021,-0.002,1.096,-0.598,-9.680,0.000,0.000,0.000,0.000,0.000,0.000,5.532,-4.468,-0.316,-5.492
2026-01-26 12:52:22.253,-6.392,-3.503,-47.385,-0.009,-0.015,-0.007,1.096,-0.636,-9.685,0.000,0.000,0.000,0.000,0.000,0.000,5.533,-4.467,-0.291,-5.538
2026-01-26 12:52:22.263,-6.381,-3.511,-47.453,0.004,-0.013,-0.007,1.125,-0.627,-9.728,0.000,0.000,0.000,0.000,0.000,0.000,4.917,-5.083,0.046,-5.450
2026-01-26 12:52:22.284,-6.358,-3.526,-47.599,0.020,-0.012,0.000,1.168,-0.603,-9.728,0.000,0.000,0.000,0.000,0.000,0.000,4.592,-5.408,-0.239,-5.766
2026-01-26 12:52:22.305,-6.361,-3.542,-47.813,-0.007,-0.007,0.002,1.168,-0.584,-9.719,0.000,0.000,0.000,0.000,0.000,0.000,4.644,-5.356,-0.235,-5.765
2026-01-26 12:52:22.326,-6.388,-3.548,-48.055,-0.025,-0.004,0.002,1.125,-0.589,-9.747,0.000,0.000,0.000,0.000,0.000,0.000,5.496,-4.504,-0.171,-6.000
2026-01-26 12:52:22.347,-6.448,-3.511,-48.408,-0.038,0.020,0.020,1.125,-0.665,-9.661,0.000,0.000,0.000,0.000,0.000,0.000,5.779,-4.221,-0.000,-6.724
2026-01-26 12:52:22.367,-6.470,-3.492,-48.865,-0.037,0.022,0.020,1.048,-0.632,-9.762,0.000,0.000,0.000,0.000,0.000,0.000,5.731,-4.269,-0.352,-7.225
2026-01-26 12:52:22.388,-6.642,-3.464,-49.632,-0.085,0.015,0.013,0.995,-0.684,-9.762,0.000,0.000,0.000,0.000,0.000,0.000,6.712,-3.288,-0.220,-6.808
2026-01-26 12:52:22.408,-6.845,-3.415,-50.095,-0.202,0.052,0.013,1.096,-0.656,-9.556,0.000,0.000,0.000,0.000,0.000,0.000,9.035,-0.965,0.522,-7.544
2026-01-26 12:52:22.429,-7.016,-3.306,-50.833,-0.184,0.092,-0.011,1.239,-0.603,-9.556,0.000,0.000,0.000,0.000,0.000,0.000,8.667,-1.333,2.397,-7.321
2026-01-26 12:52:22.449,-6.929,-3.268,-51.242,0.029,0.058,-0.011,1.239,-0.584,-9.278,0.000,0.000,0.000,0.000,0.000,0.000,4.416,-5.584,1.612,-6.717
2026-01-26 12:52:22.459,-6.492,-3.255,-51.839,0.284,0.004,-0.045,1.139,-0.555,-9.278,0.000,0.000,0.000,0.000,0.000,0.000,-0.775,-10.775,1.943,-4.198
2026-01-26 12:52:22.480,-6.256,-3.225,-52.180,0.284,0.019,-0.045,1.072,-0.560,-9.752,0.000,0.000,0.000,0.000,0.000,0.000,-0.671,-10.671,2.201,-4.579
2026-01-26 12:52:22.500,-5.856,-3.084,-52.730,0.284,0.083,-0.046,0.981,-0.426,-9.877,0.000,0.000,0.000,0.000,0.000,0.000,-0.687,-10.687,3.499,-5.850
2026-01-26 12:52:22.532,-5.348,-2.937,-53.181,0.395,0.056,-0.038,0.981,-0.522,-9.891,0.000,0.000,0.000,0.000,0.000,0.000,-1.343,-11.343,3.609,-5.902
2026-01-26 12:52:22.542,-4.946,-2.908,-53.607,0.453,0.032,-0.038,0.541,-0.675,-9.728,0.000,0.000,0.000,0.000,0.000,0.000,-4.051,-14.051,2.182,-5.114
2026-01-26 12:52:22.563,-4.033,-3.002,-53.925,0.712,-0.135,-0.154,0.541,-0.636,-9.470,0.000,0.000,0.000,0.000,0.000,0.000,-5.508,-15.508,1.653,-2.370
2026-01-26 12:52:22.583,-3.239,-3.145,-54.054,0.851,-0.199,-0.154,0.268,-0.641,-9.609,0.000,0.000,0.000,0.000,0.000,0.000,-12.029,-22.029,2.175,4.140
2026-01-26 12:52:22.604,-1.770,-3.432,-54.169,0.989,-0.171,-0.119,0.268,-0.522,-10.049,0.000,0.000,0.000,0.000,0.000,0.000,-16.355,-26.355,3.047,6.037
2026-01-26 12:52:22.625,-1.082,-3.549,-54.413,0.929,-0.131,-0.119,0.129,-0.703,-9.948,0.000,0.000,0.000,0.000,0.000,0.000,-13.590,-23.590,2.139,1.364
2026-01-26 12:52:22.656,-0.390,-3.601,-54.712,0.528,-0.037,-0.089,0.129,-0.560,-9.891,0.000,0.000,0.000,0.000,0.000,0.000,-8.676,-18.676,2.346,-1.230
2026-01-26 12:52:22.677,-0.113,-3.608,-55.008,0.412,-0.020,-0.089,0.024,-0.622,-9.771,0.000,0.000,0.000,0.000,0.000,0.000,-3.234,-13.234,3.185,-2.027
2026-01-26 12:52:22.688,0.202,-3.618,-55.321,0.312,0.007,-0.068,0.134,-0.660,-9.661,0.000,0.000,0.000,0.000,0.000,0.000,-1.214,-11.214,2.815,-3.478
2026-01-26 12:52:22.708,0.600,-3.595,-55.643,0.337,-0.023,-0.088,0.134,-0.603,-9.656,0.000,0.000,0.000,0.000,0.000,0.000,-1.068,-11.068,2.538,-3.084
2026-01-26 12:52:22.719,0.914,-3.605,-55.852,0.361,-0.033,-0.088,-0.019,-0.555,-9.857,0.000,0.000,0.000,0.000,0.000,0.000,-2.227,-12.227,2.858,-1.827
2026-01-26 12:52:22.740,1.441,-3.692,-56.227,0.474,-0.030,-0.041,-0.182,-0.546,-9.857,0.000,0.000,0.000,0.000,0.000,0.000,-4.519,-14.519,0.814,-3.980
2026-01-26 12:52:22.761,1.741,-3.719,-56.510,0.405,-0.038,-0.041,-0.177,-0.507,-10.020,0.000,0.000,0.000,0.000,0.000,0.000,-3.090,-13.090,0.882,-3.601
2026-01-26 12:52:22.792,2.040,-3.741,-57.095,0.251,-0.029,0.006,-0.416,-0.689,-10.020,0.000,0.000,0.000,0.000,0.000,0.000,0.036,-9.964,-0.845,-5.693
2026-01-26 12:52:22.803,2.235,-3.750,-57.451,0.250,-0.023,0.006,-0.464,-0.622,-9.877,0.000,0.000,0.000,0.000,0.000,0.000,0.006,-9.994,-0.699,-5.770
2026-01-26 12:52:22.833,2.572,-3.823,-58.020,0.262,-0.061,0.002,-0.579,-0.684,-9.877,0.000,0.000,0.000,0.000,0.000,0.000,-0.252,-10.252,-1.331,-4.877
2026-01-26 12:52:22.844,2.742,-3.855,-58.362,0.226,-0.050,0.002,-0.670,-0.713,-9.805,0.000,0.000,0.000,0.000,0.000,0.000,0.476,-9.524,-1.076,-5.095
2026-01-26 12:52:22.865,2.831,-3.874,-59.000,0.083,-0.024,0.012,-0.737,-0.804,-9.805,0.000,0.000,0.000,0.000,0.000,0.000,3.386,-6.614,-0.863,-5.925
2026-01-26 12:52:22.886,2.914,-3.897,-59.354,0.098,-0.030,0.012,-0.813,-0.857,-9.307,0.000,0.000,0.000,0.000,0.000,0.000,3.050,-6.950,-1.089,-5.891
2026-01-26 12:52:22.906,3.618,-4.081,-59.706,0.362,-0.090,-0.143,-0.823,-0.962,-9.307,0.000,0.000,0.000,0.000,0.000,0.000,-2.329,-12.329,4.327,1.987
2026-01-26 12:52:22.917,4.397,-4.284,-59.795,0.796,-0.184,-0.143,-0.981,-0.967,-9.307,0.000,0.000,0.000,0.000,0.000,0.000,-10.918,-20.918,2.030,3.390
2026-01-26 12:52:22.938,6.348,-4.706,-59.799,1.327,-0.269,-0.169,-1.254,-0.895,-9.307,0.000,0.000,0.000,0.000,0.000,0.000,-21.731,-31.731,1.171,5.995
2026-01-26 12:52:22.969,7.954,-4.842,-59.899,1.160,-0.157,-0.101,-1.254,-0.737,-10.422,0.000,0.000,0.000,0.000,0.000,0.000,-23.303,-33.303,2.308,5.199
2026-01-26 12:52:22.979,8.572,-4.999,-60.145,0.968,-0.108,-0.101,-1.593,-0.660,-10.609,0.000,0.000,0.000,0.000,0.000,0.000,-14.365,-24.365,1.889,0.207
2026-01-26 12:52:23.010,8.493,-4.930,-60.587,-0.055,0.090,0.095,-1.593,-0.531,-10.881,0.000,0.000,0.000,0.000,0.000,0.000,-3.229,-13.229,0.669,-6.584
2026-01-26 12:52:23.031,7.849,-4.883,-61.033,-0.405,0.133,0.095,-1.589,-0.335,-11.236,0.000,0.000,0.000,0.000,0.000,0.000,13.106,3.106,-1.123,-12.462
2026-01-26 12:52:23.042,5.694,-4.111,-62.170,-1.415,0.316,0.334,-1.196,-0.622,-11.236,0.000,0.000,0.000,0.000,0.000,0.000,33.666,23.666,-7.564,-26.330
2026-01-26 12:52:23.062,3.641,-3.704,-63.012,-2.196,0.395,0.334,-0.502,-0.603,-10.015,0.000,0.000,0.000,0.000,0.000,0.000,35.000,25.000,-5.473,-27.287
2026-01-26 12:52:23.083,-0.059,-3.213,-64.723,-2.657,0.364,0.254,-0.096,-0.775,-10.015,0.000,0.000,0.000,0.000,0.000,0.000,35.000,25.000,-2.397,-22.954
2026-01-26 12:52:23.094,-2.075,-3.015,-65.734,-2.487,0.306,0.254,0.340,-0.660,-9.293,0.000,0.000,0.000,0.000,0.000,0.000,35.000,25.000,-4.042,-22.283
2026-01-26 12:52:23.115,-4.295,-2.976,-67.282,-1.853,0.144,0.165,0.522,-0.756,-9.293,0.000,0.000,0.000,0.000,0.000,0.000,35.000,25.000,-3.495,-15.123
2026-01-26 12:52:23.135,-5.181,-3.035,-68.127,-1.299,0.047,0.165,0.823,-0.751,-9.010,0.000,0.000,0.000,0.000,0.000,0.000,30.977,20.977,-5.642,-13.525
2026-01-26 12:52:23.166,-6.150,-3.154,-69.400,-0.817,-0.001,0.124,1.105,-0.804,-9.010,0.000,0.000,0.000,0.000,0.000,0.000,21.162,11.162,-4.973,-10.913
2026-01-26 12:52:23.177,-6.552,-3.237,-70.077,-0.602,-0.026,0.078,1.105,-0.804,-9.025,0.000,0.000,0.000,0.000,0.000,0.000,17.041,7.041,-3.646,-8.617
2026-01-26 12:52:23.197,-6.990,-3.280,-71.030,-0.375,0.013,0.014,1.206,-0.809,-8.991,0.000,0.000,0.000,0.000,0.000,0.000,12.338,2.338,-0.273,-6.877
2026-01-26 12:52:23.218,-6.949,-3.227,-71.699,-0.118,0.018,-0.015,1.144,-0.809,-8.991,0.000,0.000,0.000,0.000,0.000,0.000,8.089,-1.911,0.956,-5.720
2026-01-26 12:52:23.249,-6.477,-3.276,-72.162,0.370,-0.025,-0.101,1.153,-0.837,-8.886,0.000,0.000,0.000,0.000,0.000,0.000,-2.401,-12.401,3.544,-1.448
2026-01-26 12:52:23.270,-4.960,-3.371,-72.463,0.976,-0.177,-0.174,0.976,-0.780,-8.987,0.000,0.000,0.000,0.000,0.000,0.000,-12.797,-22.797,3.853,4.081
2026-01-26 12:52:23.291,-3.633,-3.568,-72.536,1.435,-0.241,-0.252,0.833,-0.780,-8.900,0.000,0.000,0.000,0.000,0.000,0.000,-23.691,-33.691,5.259,8.895
2026-01-26 12:52:23.312,-1.144,-4.184,-72.519,1.936,-0.322,-0.307,-0.057,-0.498,-8.929,0.000,0.000,0.000,0.000,0.000,0.000,-25.000,-35.000,5.779,12.765
2026-01-26 12:52:23.322,0.850,-4.418,-72.510,2.286,-0.299,-0.303,-0.057,-0.498,-9.790,0.000,0.000,0.000,0.000,0.000,0.000,-25.000,-35.000,6.130,12.072
2026-01-26 12:52:23.332,3.768,-4.715,-72.784,2.120,-0.225,-0.177,-0.737,-0.550,-10.666,0.000,0.000,0.000,0.000,0.000,0.000,-25.000,-35.000,2.660,5.530
2026-01-26 12:52:23.354,4.885,-4.864,-73.177,1.549,-0.210,-0.070,-0.737,-0.550,-10.738,0.000,0.000,0.000,0.000,0.000,0.000,-25.000,-35.000,-1.379,1.004
2026-01-26 12:52:23.385,6.103,-5.071,-73.871,0.958,-0.177,-0.051,-1.292,-0.857,-10.326,0.000,0.000,0.000,0.000,0.000,0.000,-13.747,-23.747,-1.495,-0.457
2026-01-26 12:52:23.406,6.544,-5.129,-74.309,0.661,-0.116,-0.037,-1.292,-0.857,-10.092,0.000,0.000,0.000,0.000,0.000,0.000,-8.211,-18.211,-0.854,-2.206
2026-01-26 12:52:23.427,7.156,-5.207,-75.154,0.481,-0.091,0.019,-1.694,-0.871,-9.996,0.000,0.000,0.000,0.000,0.000,0.000,-4.514,-14.514,-2.579,-4.955
2026-01-26 12:52:23.437,7.309,-5.214,-76.207,0.230,-0.028,0.078,-1.694,-0.871,-10.298,0.000,0.000,0.000,0.000,0.000,0.000,-0.314,-10.314,-3.854,-8.367
2026-01-26 12:52:23.458,6.967,-5.108,-76.874,-0.242,0.052,0.117,-1.785,-0.766,-10.594,0.000,0.000,0.000,0.000,0.000,0.000,9.843,-0.157,-3.646,-11.729
2026-01-26 12:52:23.510,5.572,-4.977,-77.800,-0.919,0.141,0.140,-1.517,-0.828,-10.293,0.000,0.000,0.000,0.000,0.000,0.000,21.439,11.439,-3.042,-14.165
2026-01-26 12:52:23.531,4.512,-4.788,-78.720,-1.191,0.176,0.131,-1.340,-0.871,-10.006,0.000,0.000,0.000,0.000,0.000,0.000,28.816,18.816,-1.725,-14.757
2026-01-26 12:52:23.541,2.695,-4.487,-79.650,-1.298,0.213,0.149,-1.005,-0.799,-9.900,0.000,0.000,0.000,0.000,0.000,0.000,30.656,20.656,-1.811,-16.120
2026-01-26 12:52:23.552,1.609,-4.321,-80.522,-1.322,0.199,0.155,-0.670,-0.890,-9.623,0.000,0.000,0.000,0.000,0.000,0.000,31.432,21.432,-2.226,-16.173
2026-01-26 12:52:23.552,-0.031,-3.924,-81.514,-1.340,0.191,0.128,-0.340,-0.646,-9.963,0.000,0.000,0.000,0.000,0.000,0.000,31.742,21.742,-1.276,-14.951
2026-01-26 12:52:23.583,-1.212,-3.958,-82.267,-1.262,0.174,0.105,0.053,-0.813,-9.494,0.000,0.000,0.000,0.000,0.000,0.000,30.250,20.250,-0.740,-13.697
2026-01-26 12:52:23.594,-2.454,-3.702,-83.166,-1.032,0.107,0.089,0.526,-0.756,-9.369,0.000,0.000,0.000,0.000,0.000,0.000,25.560,15.560,-1.453,-11.705
2026-01-26 12:52:23.625,-3.160,-3.672,-83.884,-0.714,0.070,0.055,0.526,-0.756,-9.183,0.000,0.000,0.000,0.000,0.000,0.000,20.195,10.195,-0.704,-9.728
2026-01-26 12:52:23.635,-3.430,-3.725,-84.425,-0.409,0.030,0.011,0.737,-0.761,-9.097,0.000,0.000,0.000,0.000,0.000,0.000,13.174,3.174,0.144,-7.039
2026-01-26 12:52:23.657,-3.381,-3.759,-84.954,-0.006,-0.034,-0.048,0.675,-0.909,-9.044,0.000,0.000,0.000,0.000,0.000,0.000,6.276,-3.724,1.447,-3.570
2026-01-26 12:52:23.678,-2.828,-3.762,-85.237,0.411,-0.061,-0.108,0.742,-0.809,-8.876,0.000,0.000,0.000,0.000,0.000,0.000,-3.213,-13.213,3.102,-0.452
2026-01-26 12:52:23.688,-1.499,-4.028,-85.460,1.022,-0.142,-0.160,0.565,-0.947,-8.800,0.000,0.000,0.000,0.000,0.000,0.000,-13.687,-23.687,3.785,2.998
2026-01-26 12:52:23.729,-0.247,-4.184,-85.541,1.378,-0.170,-0.192,0.325,-0.670,-9.393,0.000,0.000,0.000,0.000,0.000,0.000,-22.559,-32.559,4.281,5.101
2026-01-26 12:52:23.740,2.034,-4.456,-85.677,1.622,-0.189,-0.191,-0.412,-0.766,-9.542,0.000,0.000,0.000,0.000,0.000,0.000,-25.000,-35.000,3.831,5.423
2026-01-26 12:52:23.761,3.431,-4.700,-85.779,1.675,-0.257,-0.183,-0.412,-0.766,-9.489,0.000,0.000,0.000,0.000,0.000,0.000,-25.000,-35.000,2.159,6.456
2026-01-26 12:52:23.771,5.985,-5.076,-85.922,1.849,-0.249,-0.195,-1.187,-0.766,-9.570,0.000,0.000,0.000,0.000,0.000,0.000,-25.000,-35.000,2.848,6.790
2026-01-26 12:52:23.801,7.551,-5.296,-86.091,1.888,-0.253,-0.145,-1.187,-0.766,-9.939,0.000,0.000,0.000,0.000,0.000,0.000,-25.000,-35.000,0.751,4.882
2026-01-26 12:52:23.812,9.689,-5.536,-86.570,1.582,-0.184,-0.055,-1.986,-0.660,-10.192,0.000,0.000,0.000,0.000,0.000,0.000,-25.000,-35.000,-1.430,-0.181
2026-01-26 12:52:23.843,10.473,-5.551,-86.966,1.122,-0.086,0.003,-1.986,-0.660,-10.518,0.000,0.000,0.000,0.000,0.000,0.000,-17.434,-27.434,-1.847,-4.408
2026-01-26 12:52:23.853,10.948,-5.415,-87.776,0.423,0.031,0.082,-2.311,-0.651,-10.925,0.000,0.000,0.000,0.000,0.000,0.000,-3.469,-13.469,-2.670,-9.892
2026-01-26 12:52:23.874,10.192,-5.096,-88.693,-0.527,0.150,0.200,-2.479,-0.742,-10.953,0.000,0.000,0.000,0.000,0.000,0.000,12.822,2.822,-5.696,-16.326
2026-01-26 12:52:23.915,8.912,-4.974,-89.642,-1.129,0.193,0.259,-2.345,-0.861,-10.685,0.000,0.000,0.000,0.000,0.000,0.000,27.576,17.576,-6.488,-20.220
2026-01-26 12:52:23.925,6.840,-4.414,-90.735,-1.607,0.226,0.234,-2.082,-0.804,-10.350,0.000,0.000,0.000,0.000,0.000,0.000,35.000,25.000,-5.026,-19.723
2026-01-26 12:52:23.935,4.934,-4.395,-91.642,-1.907,0.249,0.240,-1.775,-0.842,-9.982,0.000,0.000,0.000,0.000,0.000,0.000,35.000,25.000,-4.607,-20.568
2026-01-26 12:52:23.956,2.264,-3.782,-92.735,-2.116,0.261,0.225,-1.263,-0.785,-9.690,0.000,0.000,0.000,0.000,0.000,0.000,35.000,25.000,-3.852,-20.172
2026-01-26 12:52:23.977,0.376,-3.798,-93.495,-2.049,0.278,0.172,-0.656,-0.809,-9.384,0.000,0.000,0.000,0.000,0.000,0.000,35.000,25.000,-1.307,-18.414
2026-01-26 12:52:23.998,-1.756,-3.276,-94.308,-1.712,0.243,0.095,-0.144,-0.780,-9.216,0.000,0.000,0.000,0.000,0.000,0.000,35.000,25.000,1.314,-14.898
2026-01-26 12:52:24.008,-2.834,-3.341,-94.828,-1.318,0.165,0.055,0.335,-0.732,-9.058,0.000,0.000,0.000,0.000,0.000,0.000,31.361,21.361,1.112,-11.501
2026-01-26 12:52:24.039,-3.758,-3.176,-95.432,-0.793,0.057,0.019,0.818,-0.708,-9.010,0.000,0.000,0.000,0.000,0.000,0.000,22.360,12.360,0.683,-8.217
2026-01-26 12:52:24.050,-3.969,-3.231,-95.747,-0.397,0.021,-0.042,1.058,-0.751,-8.853,0.000,0.000,0.000,0.000,0.000,0.000,12.944,2.944,2.096,-4.730
2026-01-26 12:52:24.071,-3.750,-3.283,-96.029,0.118,-0.036,-0.097,1.115,-0.732,-8.704,0.000,0.000,0.000,0.000,0.000,0.000,4.110,-5.890,3.512,-1.714
2026-01-26 12:52:24.092,-3.000,-3.302,-96.118,0.610,-0.102,-0.150,0.976,-0.780,-8.776,0.000,0.000,0.000,0.000,0.000,0.000,-7.191,-17.191,3.952,2.022
2026-01-26 12:52:24.122,-1.173,-3.612,-96.090,1.390,-0.150,-0.208,0.617,-0.727,-8.843,0.000,0.000,0.000,0.000,0.000,0.000,-20.562,-30.562,5.585,5.076
2026-01-26 12:52:24.153,0.523,-3.614,-96.038,1.697,-0.222,-0.212,0.139,-0.780,-9.121,0.000,0.000,0.000,0.000,0.000,0.000,-25.000,-35.000,4.040,6.919
2026-01-26 12:52:24.164,3.143,-4.208,-95.940,2.033,-0.254,-0.234,-0.120,-0.660,-9.393,0.000,0.000,0.000,0.000,0.000,0.000,-25.000,-35.000,4.403,8.303
2026-01-26 12:52:24.195,5.187,-4.207,-95.796,2.159,-0.265,-0.253,-0.823,-0.560,-9.996,0.000,0.000,0.000,0.000,0.000,0.000,-25.000,-35.000,4.822,9.418
2026-01-26 12:52:24.205,7.598,-4.775,-95.928,1.893,-0.212,-0.142,-1.263,-0.536,-10.676,0.000,0.000,0.000,0.000,0.000,0.000,-25.000,-35.000,1.062,4.273
2026-01-26 12:52:24.226,8.585,-4.782,-96.240,1.288,-0.183,-0.022,-1.546,-0.541,-10.676,0.000,0.000,0.000,0.000,0.000,0.000,-20.762,-30.762,-2.770,-1.440
2026-01-26 12:52:24.237,9.247,-4.985,-96.789,0.559,-0.099,0.022,-1.713,-0.708,-10.494,0.000,0.000,0.000,0.000,0.000,0.000,-8.263,-18.263,-3.404,-4.386
2026-01-26 12:52:24.258,9.240,-4.906,-97.219,0.159,0.006,0.045,-2.015,-0.679,-10.537,0.000,0.000,0.000,0.000,0.000,0.000,1.821,-8.179,-1.682,-7.939
2026-01-26 12:52:24.268,8.645,-4.688,-98.012,-0.434,0.093,0.152,-2.158,-0.617,-10.661,0.000,0.000,0.000,0.000,0.000,0.000,11.987,1.987,-4.671,-13.473
2026-01-26 12:52:24.300,7.520,-4.544,-98.868,-1.014,0.186,0.267,-2.062,-0.579,-10.963,0.000,0.000,0.000,0.000,0.000,0.000,25.275,15.275,-6.970,-20.420
2026-01-26 12:52:24.310,5.087,-3.953,-100.018,-1.871,0.260,0.293,-1.244,-0.770,-10.336,0.000,0.000,0.000,0.000,0.000,0.000,35.000,25.000,-6.495,-22.983
2026-01-26 12:52:24.362,3.279,-3.655,-100.664,-2.098,0.307,0.215,-1.244,-0.770,-9.886,0.000,0.000,0.000,0.000,0.000,0.000,35.000,25.000,-2.467,-20.748
2026-01-26 12:52:24.372,0.482,-3.322,-101.617,-2.029,0.247,0.154,-0.215,-0.703,-9.518,0.000,0.000,0.000,0.000,0.000,0.000,35.000,25.000,-1.284,-17.030
2026-01-26 12:52:24.383,-0.810,-3.217,-102.140,-1.697,0.172,0.134,-0.215,-0.703,-9.226,0.000,0.000,0.000,0.000,0.000,0.000,35.000,25.000,-1.931,-14.807
2026-01-26 12:52:24.393,-2.495,-3.116,-102.933,-1.295,0.116,0.103,0.641,-0.742,-9.082,0.000,0.000,0.000,0.000,0.000,0.000,30.607,20.607,-1.833,-12.391
2026-01-26 12:52:24.414,-3.026,-3.085,-103.285,-0.840,0.082,0.036,0.641,-0.742,-8.853,0.000,0.000,0.000,0.000,0.000,0.000,21.796,11.796,0.185,-9.082
2026-01-26 12:52:24.435,-3.380,-3.116,-103.662,-0.342,0.009,-0.047,0.924,-0.775,-8.728,0.000,0.000,0.000,0.000,0.000,0.000,11.488,1.488,2.012,-4.220
2026-01-26 12:52:24.455,-2.994,-3.205,-103.704,0.234,-0.068,-0.134,0.924,-0.775,-8.632,0.000,0.000,0.000,0.000,0.000,0.000,0.318,-9.682,4.006,0.732
2026-01-26 12:52:24.466,-1.685,-3.415,-103.633,0.864,-0.137,-0.191,0.756,-0.813,-8.599,0.000,0.000,0.000,0.000,0.000,0.000,-12.723,-22.723,4.864,4.433
2026-01-26 12:52:24.497,0.230,-3.689,-103.418,1.604,-0.224,-0.247,0.502,-0.813,-8.599,0.000,0.000,0.000,0.000,0.000,0.000,-24.966,-34.966,5.654,8.117
2026-01-26 12:52:24.518,2.346,-3.757,-103.123,2.129,-0.317,-0.299,0.139,-0.799,-8.838,0.000,0.000,0.000,0.000,0.000,0.000,-25.000,-35.000,5.607,12.298
2026-01-26 12:52:24.538,5.901,-4.581,-102.716,2.733,-0.362,-0.328,-0.412,-0.742,-9.207,0.000,0.000,0.000,0.000,0.000,0.000,-25.000,-35.000,6.057,14.149
2026-01-26 12:52:24.549,8.512,-4.613,-102.450,2.825,-0.357,-0.254,-1.206,-0.526,-9.953,0.000,0.000,0.000,0.000,0.000,0.000,-25.000,-35.000,2.999,11.283
2026-01-26 12:52:24.580,11.809,-5.407,-102.515,2.519,-0.303,-0.127,-1.914,-0.531,-10.609,0.000,0.000,0.000,0.000,0.000,0.000,-25.000,-35.000,-1.317,5.458
2026-01-26 12:52:24.601,13.393,-5.375,-102.700,1.966,-0.213,-0.007,-2.369,-0.565,-10.920,0.000,0.000,0.000,0.000,0.000,0.000,-25.000,-35.000,-3.992,-1.455
2026-01-26 12:52:24.611,14.420,-5.554,-103.256,0.801,-0.064,0.075,-2.637,-0.684,-10.934,0.000,0.000,0.000,0.000,0.000,0.000,-17.130,-27.130,-5.009,-6.999
2026-01-26 12:52:24.642,14.376,-5.482,-103.727,0.225,-0.005,0.118,-2.775,-0.794,-10.590,0.000,0.000,0.000,0.000,0.000,0.000,0.500,-9.500,-4.826,-10.634
2026-01-26 12:52:24.663,13.712,-5.236,-104.477,-0.473,0.061,0.184,-2.938,-0.770,-10.537,0.000,0.000,0.000,0.000,0.000,0.000,14.862,4.862,-6.083,-14.617
2026-01-26 12:52:24.673,12.858,-5.020,-105.092,-0.870,0.109,0.268,-2.905,-0.847,-10.413,0.000,0.000,0.000,0.000,0.000,0.000,22.406,12.406,-8.534,-18.899
2026-01-26 12:52:24.693,10.689,-4.570,-106.235,-1.607,0.197,0.298,-2.713,-0.794,-10.097,0.000,0.000,0.000,0.000,0.000,0.000,35.000,25.000,-7.937,-21.925
2026-01-26 12:52:24.714,9.010,-4.260,-106.871,-1.910,0.257,0.239,-2.053,-0.976,-9.489,0.000,0.000,0.000,0.000,0.000,0.000,35.000,25.000,-4.406,-20.684
2026-01-26 12:52:24.724,6.143,-3.777,-107.735,-2.029,0.302,0.151,-1.507,-1.081,-8.953,0.000,0.000,0.000,0.000,0.000,0.000,35.000,25.000,0.007,-18.109
2026-01-26 12:52:24.756,4.734,-3.524,-108.120,-1.790,0.300,0.078,-0.952,-0.919,-8.872,0.000,0.000,0.000,0.000,0.000,0.000,35.000,25.000,2.884,-15.105
2026-01-26 12:52:24.796,3.013,-3.171,-108.661,-1.232,0.265,0.052,-0.445,-0.876,-8.924,0.000,0.000,0.000,0.000,0.000,0.000,29.282,19.282,3.210,-13.344
2026-01-26 12:52:24.827,2.394,-2.999,-108.938,-0.894,0.241,0.024,0.048,-0.565,-9.283,0.000,0.000,0.000,0.000,0.000,0.000,22.880,12.880,3.856,-11.773
2026-01-26 12:52:24.827,1.881,-2.797,-109.292,-0.382,0.162,-0.025,0.220,-0.426,-9.661,0.000,0.000,0.000,0.000,0.000,0.000,12.325,2.325,4.193,-8.190
2026-01-26 12:52:24.838,1.880,-2.757,-109.442,-0.119,0.097,-0.050,0.234,-0.345,-9.963,0.000,0.000,0.000,0.000,0.000,0.000,7.379,-2.621,3.917,-5.955
2026-01-26 12:52:24.848,2.356,-2.822,-109.695,0.348,-0.039,-0.032,-0.158,-0.301,-10.063,0.000,0.000,0.000,0.000,0.000,0.000,-2.257,-12.257,0.423,-3.824
2026-01-26 12:52:24.869,2.914,-2.986,-109.861,0.570,-0.144,-0.034,-0.679,-0.273,-10.365,0.000,0.000,0.000,0.000,0.000,0.000,-6.395,-16.395,-1.523,-1.750
2026-01-26 12:52:24.910,3.929,-3.421,-110.172,0.680,-0.309,-0.020,-0.943,-0.282,-10.479,0.000,0.000,0.000,0.000,0.000,0.000,-8.631,-18.631,-5.493,1.069
2026-01-26 12:52:24.921,4.258,-3.710,-110.390,0.455,-0.338,-0.001,-1.148,-0.278,-10.063,0.000,0.000,0.000,0.000,0.000,0.000,-4.101,-14.101,-6.743,0.786
2026-01-26 12:52:24.921,4.203,-4.109,-110.762,-0.085,-0.277,-0.002,-1.129,-0.345,-9.810,0.000,0.000,0.000,0.000,0.000,0.000,7.058,-2.942,-5.392,-0.437
2026-01-26 12:52:24.941,3.825,-4.258,-110.951,-0.358,-0.211,-0.025,-0.991,-0.522,-9.379,0.000,0.000,0.000,0.000,0.000,0.000,12.164,2.164,-3.242,-0.798
2026-01-26 12:52:24.962,2.928,-4.420,-111.157,-0.637,-0.118,-0.068,-0.622,-0.608,-8.977,0.000,0.000,0.000,0.000,0.000,0.000,17.878,7.878,0.403,-0.992
2026-01-26 12:52:25.034,2.431,-4.459,-111.192,-0.600,-0.066,-0.113,-0.067,-0.608,-8.934,0.000,0.000,0.000,0.000,0.000,0.000,16.998,6.998,3.203,-0.170
2026-01-26 12:52:25.045,1.756,-4.416,-111.208,-0.469,0.034,-0.105,0.287,-0.775,-9.235,0.000,0.000,0.000,0.000,0.000,0.000,14.304,4.304,4.970,-2.533
2026-01-26 12:52:25.055,1.469,-4.343,-111.288,-0.373,0.070,-0.048,0.689,-0.876,-9.451,0.000,0.000,0.000,0.000,0.000,0.000,12.460,2.460,3.319,-5.484
2026-01-26 12:52:25.077,1.226,-4.244,-111.541,-0.146,0.057,-0.007,0.924,-1.110,-9.360,0.000,0.000,0.000,0.000,0.000,0.000,7.755,-2.245,1.399,-6.845
2026-01-26 12:52:25.097,1.325,-4.212,-111.736,0.060,0.041,0.008,0.967,-1.168,-9.432,0.000,0.000,0.000,0.000,0.000,0.000,3.800,-6.200,0.509,-7.148
2026-01-26 12:52:25.108,2.002,-4.199,-112.085,0.543,0.007,0.016,0.737,-1.000,-9.441,0.000,0.000,0.000,0.000,0.000,0.000,-6.197,-16.197,-0.517,-6.762
2026-01-26 12:52:25.119,2.758,-4.245,-112.324,0.825,-0.041,0.039,0.206,-0.780,-9.580,0.000,0.000,0.000,0.000,0.000,0.000,-11.491,-21.491,-2.382,-6.729
2026-01-26 12:52:25.119,4.502,-4.470,-112.740,1.291,-0.180,0.032,-0.565,-0.584,-9.599,0.000,0.000,0.000,0.000,0.000,0.000,-21.116,-31.116,-5.005,-3.594
2026-01-26 12:52:25.139,5.904,-4.741,-112.951,1.587,-0.289,-0.010,-1.469,-0.579,-9.307,0.000,0.000,0.000,0.000,0.000,0.000,-25.000,-35.000,-5.365,0.175
2026-01-26 12:52:25.180,8.630,-5.303,-113.230,1.970,-0.399,-0.044,-2.072,-0.555,-9.752,0.000,0.000,0.000,0.000,0.000,0.000,-25.000,-35.000,-6.284,3.778
2026-01-26 12:52:25.211,10.178,-5.608,-113.408,1.886,-0.381,-0.018,-2.613,-0.766,-9.838,0.000,0.000,0.000,0.000,0.000,0.000,-25.000,-35.000,-6.889,2.338
2026-01-26 12:52:25.211,12.143,-5.960,-113.743,1.352,-0.255,-0.002,-2.996,-1.024,-10.054,0.000,0.000,0.000,0.000,0.000,0.000,-21.649,-31.649,-4.912,-0.918
2026-01-26 12:52:25.221,12.697,-5.998,-113.937,0.850,-0.118,0.013,-3.196,-1.187,-10.513,0.000,0.000,0.000,0.000,0.000,0.000,-12.008,-22.008,-2.870,-4.152
2026-01-26 12:52:25.242,12.504,-5.816,-114.267,-0.193,0.114,0.039,-3.158,-1.273,-10.657,0.000,0.000,0.000,0.000,0.000,0.000,9.546,-0.454,0.845,-9.998
2026-01-26 12:52:25.263,11.680,-5.593,-114.501,-0.766,0.203,0.077,-2.876,-1.168,-10.317,0.000,0.000,0.000,0.000,0.000,0.000,20.328,10.328,1.001,-13.137
2026-01-26 12:52:25.284,9.567,-5.142,-114.933,-1.524,0.293,0.083,-2.570,-1.158,-9.896,0.000,0.000,0.000,0.000,0.000,0.000,35.000,25.000,2.614,-15.219
2026-01-26 12:52:25.325,8.079,-4.836,-115.167,-1.712,0.339,0.054,-1.794,-1.163,-9.460,0.000,0.000,0.000,0.000,0.000,0.000,35.000,25.000,4.620,-14.924
2026-01-26 12:52:25.345,5.595,-4.308,-115.463,-1.770,0.384,0.011,-1.292,-1.048,-9.168,0.000,0.000,0.000,0.000,0.000,0.000,35.000,25.000,7.274,-14.127
2026-01-26 12:52:25.387,4.159,-3.951,-115.608,-1.741,0.431,0.000,-0.670,-0.833,-9.221,0.000,0.000,0.000,0.000,0.000,0.000,35.000,25.000,8.615,-14.615
2026-01-26 12:52:25.408,2.003,-3.312,-115.809,-1.536,0.480,-0.025,-0.144,-0.842,-9.116,0.000,0.000,0.000,0.000,0.000,0.000,35.000,25.000,10.597,-14.637
2026-01-26 12:52:25.438,1.083,-2.969,-115.853,-1.230,0.450,-0.084,0.187,-0.589,-9.393,0.000,0.000,0.000,0.000,0.000,0.000,29.604,19.604,12.353,-11.663
2026-01-26 12:52:25.458,0.390,-2.615,-115.773,-0.455,0.258,-0.147,0.541,-0.364,-9.475,0.000,0.000,0.000,0.000,0.000,0.000,13.576,3.576,10.889,-5.129
2026-01-26 12:52:25.469,0.633,-2.651,-115.586,0.083,0.055,-0.228,0.589,-0.163,-9.805,0.000,0.000,0.000,0.000,0.000,0.000,3.335,-6.665,10.221,2.016
2026-01-26 12:52:25.500,1.965,-3.110,-115.101,0.993,-0.319,-0.288,0.589,-0.115,-9.685,0.000,0.000,0.000,0.000,0.000,0.000,-15.435,-25.435,4.913,12.139
2026-01-26 12:52:25.510,3.386,-3.628,-114.719,1.522,-0.511,-0.341,0.383,-0.388,-9.159,0.000,0.000,0.000,0.000,0.000,0.000,-25.000,-35.000,3.419,17.852
2026-01-26 12:52:25.521,6.656,-4.787,-114.021,2.429,-0.774,-0.381,-0.024,-0.751,-9.082,0.000,0.000,0.000,0.000,0.000,0.000,-25.000,-35.000,-0.379,24.000
2026-01-26 12:52:25.531,9.021,-5.565,-113.690,2.763,-0.829,-0.311,-0.794,-1.034,-9.355,0.000,0.000,0.000,0.000,0.000,0.000,-25.000,-35.000,-4.167,23.009
2026-01-26 12:52:25.542,12.952,-6.730,-113.465,2.818,-0.750,-0.187,-1.215,-1.325,-9.633,0.000,0.000,0.000,0.000,0.000,0.000,-25.000,-35.000,-7.433,16.432
2026-01-26 12:52:25.572,14.791,-7.260,-113.507,2.401,-0.645,-0.102,-1.804,-1.268,-9.412,0.000,0.000,0.000,0.000,0.000,0.000,-25.000,-35.000,-8.801,10.983
2026-01-26 12:52:25.583,16.815,-7.739,-113.684,1.469,-0.314,-0.038,-2.311,-1.019,-9.537,0.000,0.000,0.000,0.000,0.000,0.000,-23.773,-33.773,-4.521,1.547
2026-01-26 12:52:25.593,17.236,-7.630,-113.924,0.802,-0.042,0.132,-2.728,-0.880,-9.900,0.000,0.000,0.000,0.000,0.000,0.000,-11.043,-21.043,-6.101,-10.424
2026-01-26 12:52:25.604,16.669,-6.946,-114.680,-0.440,0.322,0.316,-2.967,-0.785,-10.178,0.000,0.000,0.000,0.000,0.000,0.000,14.618,4.618,-5.986,-25.282
2026-01-26 12:52:25.624,15.570,-6.309,-115.351,-1.079,0.466,0.439,-3.010,-0.766,-10.283,0.000,0.000,0.000,0.000,0.000,0.000,26.574,16.574,-8.260,-32.894
2026-01-26 12:52:25.646,13.170,-5.134,-116.634,-1.700,0.599,0.467,-2.881,-0.924,-10.011,0.000,0.000,0.000,0.000,0.000,0.000,35.000,25.000,-6.615,-36.000
2026-01-26 12:52:25.677,11.650,-4.486,-117.403,-1.797,0.585,0.425,-2.780,-0.914,-9.857,0.000,0.000,0.000,0.000,0.000,0.000,35.000,25.000,-5.282,-34.678
2026-01-26 12:52:25.688,9.361,-3.687,-118.555,-1.624,0.422,0.328,-2.617,-0.981,-9.824,0.000,0.000,0.000,0.000,0.000,0.000,35.000,25.000,-4.800,-27.448
2026-01-26 12:52:25.698,8.254,-3.383,-119.137,-1.428,0.327,0.256,-2.412,-0.857,-9.886,0.000,0.000,0.000,0.000,0.000,0.000,33.566,23.566,-3.715,-22.781
2026-01-26 12:52:25.718,6.729,-3.043,-119.952,-1.134,0.208,0.193,-2.110,-0.866,-9.594,0.000,0.000,0.000,0.000,0.000,0.000,27.502,17.502,-3.647,-17.821
