packet_timestamp,statemachine,angle_roll,angle_pitch,angle_yaw,gyro_x,gyro_y,gyro_z,acc_x,acc_y,acc_z,rudder1,rudder2,rudder3,rudder4
1760,1,7.978,27.169,53.571,1.326,-1.078,-3.502,0.024,3.622,0.01,32.653,-32.653,105.961,-67.149
1761,1,10.034,26.559,55.819,2.006,-0.901,-3.553,0.024,3.622,0.01,28.603,-28.603,105.03,-69.601
1762,1,12.061,25.899,57.972,2.006,-0.901,-3.553,0,3.67,-0.081,27.26,-27.26,105.274,-68.067
1763,1,14.446,25.263,60.101,2.673,-0.731,-3.58,0,3.67,-0.081,22.664,-22.664,103.541,-69.556
1764,1,16.776,24.56,62.169,2.673,-0.731,-3.58,4.579,-10.374,-33.592,20.999,-20.999,103.452,-67.694
1765,1,20.179,24.388,64.41,4.482,0.585,-3.59,4.579,-10.374,-33.592,12.448,-12.448,84.064,-85.727
1766,1,23.506,23.99,66.578,4.482,0.585,-3.59,-0.014,3.235,-1.799,11.869,-11.869,83.254,-84.221
1767,1,29.235,25.056,69.548,8.116,3.761,-3.547,-0.014,3.235,-1.799,11.318,-11.318,35.062,-130.209
1768,1,35.031,25.851,72.626,8.116,3.761,-3.547,-2.617,2.216,-21.586,11.361,-11.361,33.839,-131.604
1769,1,40.05,26.035,75.202,7.123,2.775,-3.196,-2.617,2.216,-21.586,6.755,-6.755,38.202,-108.818
1770,1,45.05,25.988,77.763,7.123,2.775,-3.196,0.024,4.053,-0.249,6.396,-6.396,37.196,-108.387
1771,1,49.947,25.932,80.251,7.039,2.941,-2.909,0.024,4.053,-0.249,2.471,-2.471,26.662,-103.22
1772,1,54.81,25.701,82.716,7.039,2.941,-2.909,-5.254,0.852,-9.642,1.971,-1.971,25.462,-102.421
1773,1,59.393,25.032,84.837,6.849,2.324,-3.017,-5.254,0.852,-9.642,2.362,-2.362,35.129,-94.321
1774,1,63.901,24.206,86.866,6.849,2.324,-3.017,-3.838,2.924,-5.68,1.202,-1.202,32.835,-91.974
1775,1,67.737,22.643,88.256,6.195,1.101,-3.621,-3.838,2.924,-5.68,6.743,-6.743,61.723,-85.249
1776,1,71.473,21.002,89.522,6.195,1.101,-3.621,-3.838,2.924,-5.68,4.587,-4.587,57.507,-80.84
1777,1,74.989,18.952,90.438,6.195,1.101,-3.621,-2.79,3.149,-3.043,1.911,-1.911,52.15,-75.492
1778,1,78.284,16.531,90.992,5.989,0.072,-4.56,-2.79,3.149,-3.043,10.507,-10.507,83.852,-78.176
1779,1,81.651,14.038,91.474,5.989,0.072,-4.56,-0.292,3.957,0,7.253,-7.253,76.741,-72.272
1780,1,85.089,11.477,91.874,6.434,0.247,-4.8,-0.292,3.957,0,6.927,-6.927,72.549,-75.158
1781,1,87.815,8.854,92.417,6.434,0.247,-4.8,-15.021,-4.484,-11.346,5.001,-5.001,67.597,-72.407
1782,1,89.848,6.13,93.109,3.962,1.23,-5.006,-15.021,-4.484,-11.346,7.762,-7.762,57.653,-92.631
1783,1,88.919,3.208,93.893,3.962,1.23,-5.006,-1.727,2.9,-0.541,7.762,-7.762,58.261,-92.023
1784,1,85.033,0.194,95.041,-6.324,1.782,-5.569,-1.727,2.9,-0.541,66.237,-66.237,67.294,-111.166
1785,1,81.328,-2.782,96.278,-6.324,1.782,-5.569,-0.024,3.708,0.249,66.237,-66.237,70.46,-108
1786,1,77.794,-5.718,97.596,-5.547,1.218,-5.712,-0.024,3.708,0.249,64.134,-64.134,85.533,-100.064
1787,1,74.343,-8.602,99.025,-5.547,1.218,-5.712,-0.22,3.551,-0.043,64.134,-64.134,89.252,-96.345
1788,1,70.964,-11.428,100.555,-5.044,0.749,-5.772,-0.22,3.551,-0.043,62.365,-62.365,101.397,-87.183
1789,1,67.658,-14.193,102.218,-5.044,0.749,-5.772,-0.397,3.163,-0.024,62.365,-62.365,105.543,-83.037
1790,1,64.416,-16.89,104.008,-4.498,0.379,-5.806,-0.397,3.163,-0.024,60.059,-60.059,115.977,-74.308
1791,1,61.343,-19.724,105.826,-4.498,0.379,-5.806,0,2.948,0.292,60.059,-60.059,118.296,-71.988
1792,1,58.429,-22.708,107.68,-3.655,-0.607,-6.286,0,2.948,0.292,61.851,-61.851,144.399,-69.907
1793,1,55.628,-25.609,109.738,-3.655,-0.607,-6.286,-0.182,2.905,0.043,61.851,-61.851,144.399,-69.907
1794,1,52.938,-28.437,111.99,-2.697,-0.768,-6.306,-0.182,2.905,0.043,57.316,-57.316,147.203,-68.115
1795,1,50.252,-31.164,114.448,-2.697,-0.768,-6.306,-0.11,3.302,-0.144,57.316,-57.316,147.203,-68.115
1796,1,47.558,-33.791,117.112,-2.034,-0.886,-6.281,-0.11,3.302,-0.144,53.678,-53.678,148.253,-65.787
1797,1,44.887,-36.289,120.024,-2.034,-0.886,-6.281,-0.062,3.354,-0.067,53.678,-53.678,148.253,-65.787
1798,1,42.227,-38.658,123.175,-1.159,-0.886,-6.262,-0.062,3.354,-0.067,49.065,-49.065,147.773,-65.308
1799,1,39.547,-40.863,126.611,-1.159,-0.886,-6.262,-0.01,3.354,-0.177,49.065,-49.065,147.773,-65.308
1800,1,36.85,-42.902,130.317,-0.293,-0.771,-6.244,-0.01,3.354,-0.177,44.509,-44.509,145.677,-66.499
1801,1,34.117,-44.744,134.316,-0.293,-0.771,-6.244,0.005,3.436,-0.234,44.509,-44.509,145.677,-66.499
1802,1,31.367,-46.381,138.583,0.582,-0.562,-6.22,0.005,3.436,-0.234,39.843,-39.843,142.109,-68.895
1803,1,28.591,-47.784,143.129,0.582,-0.562,-6.22,0.043,3.455,-0.33,39.843,-39.843,142.109,-68.895
1804,1,26.711,-49.858,146.887,1.444,-0.276,-6.195,0.043,3.455,-0.33,35.209,-35.209,137.376,-72.35
1805,1,24.74,-51.739,150.962,1.444,-0.276,-6.195,0.096,3.441,-0.421,35.209,-35.209,137.376,-72.35
1806,1,22.677,-53.429,155.344,2.282,0.084,-6.152,0.096,3.441,-0.421,30.49,-30.49,131.167,-76.428
1807,1,20.512,-54.896,160.053,2.282,0.084,-6.152,0.144,3.469,-0.555,30.49,-30.49,131.167,-76.428
1808,1,16.549,-55.345,166.944,3.125,0.521,-6.081,0.144,3.469,-0.555,25.379,-25.379,123.143,-80.883
1809,1,12.761,-55.365,173.9,3.125,0.521,-6.081,0.172,3.503,-0.727,25.379,-25.379,123.143,-80.883
1810,1,9.315,-54.981,-179.233,3.978,1.016,-5.96,0.172,3.503,-0.727,19.613,-19.613,113.057,-84.95
1811,1,6.333,-54.202,-172.589,3.978,1.016,-5.96,0.187,3.536,-0.943,19.613,-19.613,113.057,-84.95
1812,1,3.916,-53.075,-166.264,4.801,1.563,-5.793,0.187,3.536,-0.943,17.411,-17.411,101.069,-88.576
1813,1,2.123,-51.632,-160.334,4.801,1.563,-5.793,0.263,-1.866,-1.593,24.738,-24.738,115.723,-103.23
1814,1,0.979,-49.937,-154.815,5.56,2.14,-5.564,0.263,-1.866,-1.593,32.674,-32.674,123.346,-127.35
1815,1,-2.394,-45.057,-146.837,5.56,2.14,-5.564,7.905,-11.269,-10.537,51.806,-51.806,147.998,-152.002
1816,1,-6.318,-36.774,-137.962,3.494,12.954,-12.603,7.905,-11.269,-10.537,65.371,-65.371,64.286,-235.714
1817,1,-9.475,-27.363,-130.653,3.494,12.954,-12.603,0.172,2.723,0.799,66.127,-66.127,64.286,-235.714
1818,1,-12.086,-16.729,-124.652,-0.424,16.171,-12.967,0.172,2.723,0.799,85.794,-85.794,64.286,-235.714
1819,1,-14.032,-6.19,-119.547,-0.424,16.171,-12.967,-0.139,3.082,0.656,85.723,-85.723,64.286,-235.714
1820,1,-15.594,4.231,-115.055,-2.442,15.368,-12.27,-0.139,3.082,0.656,95.817,-95.817,64.286,-235.714
1821,1,-17.004,13.173,-110.745,-2.442,15.368,-12.27,16.069,23.175,-6.905,96.067,-96.067,64.286,-235.714
1822,1,-18.485,20.685,-106.523,-4.593,9.942,-10.838,16.069,23.175,-6.905,105,-105,64.286,-235.714
1823,1,-19.598,21.455,-102.848,-4.593,9.942,-10.838,7.594,8.594,-10.791,105,-105,64.286,-235.714
1824,1,-20.971,15.478,-99.678,-4.026,-11.994,-1.382,7.594,8.594,-10.791,53.891,-53.891,133.496,37.932
1825,1,-22.57,9.892,-96.566,-4.026,-11.994,-1.382,-0.158,0.469,-1.55,57.269,-57.269,140.252,31.177
1826,1,-24.349,4.715,-93.482,-3.645,-10.826,-1.233,-0.158,0.469,-1.55,57.409,-57.409,144.08,27.349
1827,1,-26.312,-0.314,-90.353,-3.645,-10.826,-1.233,-0.072,0.426,-0.12,61.794,-61.794,152.85,18.579
1828,1,-28.459,-5.175,-87.16,-3.365,-10.568,-0.881,-0.072,0.426,-0.12,61.043,-61.043,154.149,17.28
1829,1,-30.842,-9.982,-83.795,-3.365,-10.568,-0.881,0.397,0.909,0.158,62.838,-62.838,157.739,13.69
1830,1,-33.488,-14.712,-80.231,-3.223,-10.808,-0.573,0.397,0.909,0.158,58.281,-58.281,150.042,21.386
1831,1,-33.681,-18.837,-76.204,-3.223,-10.808,-0.573,1.412,0.282,-2.675,58.281,-58.281,150.042,21.386
1832,1,-31.367,-22.627,-71.964,6.724,-9.946,-2.099,1.412,0.282,-2.675,27.612,-27.612,188.179,-16.75
1833,1,-28.789,-26.391,-67.585,6.724,-9.946,-2.099,-0.938,-0.464,-0.421,27.612,-27.612,188.179,-16.75
1834,1,-25.9,-30.167,-63.129,8.814,-9.735,-2.972,-0.938,-0.464,-0.421,32.151,-32.151,210.016,-38.588
1835,1,-22,-31.86,-59.548,8.814,-9.735,-2.972,-0.096,-5.326,-22.328,32.151,-32.151,210.016,-38.588
1836,1,-16.91,-31.558,-56.694,11.486,-1.31,-3.87,-0.096,-5.326,-22.328,43.376,-43.376,194.042,-99.463
1837,1,-11.096,-30.19,-54.187,11.486,-1.31,-3.87,0.483,-0.234,2.139,41.587,-41.587,190.463,-95.883
1838,1,-4.648,-27.733,-51.823,13.286,3.456,-3.845,0.483,-0.234,2.139,27.199,-27.199,93.601,-135.193
1839,1,1.69,-25.473,-49.228,13.286,3.456,-3.845,0.182,0.1,-0.196,14.989,-14.989,69.182,-110.774
1840,1,7.949,-23.425,-46.431,13.105,3.668,-3.739,0.182,0.1,-0.196,3.542,-3.542,43.259,-90.907
1841,1,14.141,-21.547,-43.512,13.105,3.668,-3.739,-0.292,0.349,-0.33,-4.638,4.638,26.9,-74.548
